code,scientific,english,photo,speciesID,sort,french,group,id,animals,stations,projects,photoAuthor,name,nAnimals,nProjects,dtEnd,tsEnd
monhar1,Circus pygargus,Montagu's Harrier,,3062,4353,Busard cendré,BIRDS,3062,8,0,8,,"Montagu's Harrier",8,8,,
batgod,Limosa lapponica,Bar-tailed Godwit,,4610,3092,Barge rousse,BIRDS,4610,64,0,64,,"Bar-tailed Godwit",64,64,,
redkno,Calidris canutus,Red Knot,,4670,3111,Bécasseau maubèche,BIRDS,4670,2004,0,2004,,"Red Knot",2004,2004,,
dunlin,Calidris alpina,Dunlin,photos/species/Dunlin_Liron Gertsman.jpg,4820,3126,Bécasseau variable,BIRDS,4820,498,0,498,Liron Gertsman,"Dunlin",498,498,,
rocpig1,Columba livia (Feral Pigeon),Rock Pigeon (Feral Pigeon),photos/species/Rock Pigeon (Feral Pigeon)_Lucas Berrigan.jpg,5970,962,Pigeon biset (forme domestique),BIRDS,5970,34,0,34,Lucas Berrigan,"Rock Pigeon (Feral Pigeon)",34,34,,
skylar,Alauda arvensis,Eurasian Skylark,photos/species/Eurasian Skylark_Lucas Berrigan.jpg,14030,10941,Alouette des champs,BIRDS,14030,56,0,56,Lucas Berrigan,"Eurasian Skylark",56,56,,
yebwar3,Phylloscopus inornatus,Yellow-browed Warbler,,15050,11818,Pouillot à grands sourcils,BIRDS,15050,60,0,60,,"Yellow-browed Warbler",60,60,,
redwin,Turdus iliacus,Redwing,,15650,13337,Grive mauvis,BIRDS,15650,71,0,71,,"Redwing",71,71,,
sonthr1,Turdus philomelos,Song Thrush,,15651,13331,Grive musicienne,BIRDS,15651,194,0,194,,"Song Thrush",194,194,,
eursta,Sturnus vulgaris,European Starling,,16140,13016,Étourneau sansonnet,BIRDS,16140,107,0,107,,"European Starling",107,107,,
trepip,Anthus trivialis,Tree Pipit,,16250,14896,Pipit des arbres,BIRDS,16250,43,0,43,,"Tree Pipit",43,43,,
reebun,Emberiza schoeniclus,Reed Bunting,,19240,15359,Bruant des roseaux,BIRDS,19240,11,0,11,,"Reed Bunting",11,11,,
eurnig1,Caprimulgus europaeus,Eurasian Nightjar,,32874,1854,Engoulevent d'Europe,BIRDS,32874,60,0,60,,"Eurasian Nightjar",60,60,,
laukoo1,Dacelo novaeguineae,Laughing Kookaburra,,33430,5241,Martin-chasseur géant,BIRDS,33430,5,0,5,,"Laughing Kookaburra",5,5,,
dunnoc1,Prunella modularis,Dunnock,,35912,14743,Accenteur mouchet,BIRDS,35912,134,0,134,,"Dunnock",134,134,,
cogwar1,Locustella naevia,Common Grasshopper-Warbler,,36261,11335,Locustelle tachetée,BIRDS,36261,15,0,15,,"Common Grasshopper-Warbler",15,15,,
sedwar1,Acrocephalus schoenobaenus,Sedge Warbler,,36271,11260,Phragmite des joncs,BIRDS,36271,112,0,112,,"Sedge Warbler",112,112,,
weowar1,Iduna opaca,Western Olivaceous Warbler,,36308,11245,Hypolaïs obscure,BIRDS,36308,55,0,55,,"Western Olivaceous Warbler",55,55,,
blackc1,Sylvia atricapilla,Eurasian Blackcap,,36466,12018,Fauvette à tête noire,BIRDS,36466,156,0,156,,"Eurasian Blackcap",156,156,,
garwar1,Sylvia borin,Garden Warbler,,36467,12019,Fauvette des jardins,BIRDS,36467,248,0,248,,"Garden Warbler",248,248,,
grewhi1,Curruca communis,Greater Whitethroat,,36475,12066,Fauvette grisette,BIRDS,36475,115,0,115,,"Greater Whitethroat",115,115,,
comred2,Phoenicurus phoenicurus,Common Redstart,,36704,13890,Rougequeue à front blanc,BIRDS,36704,72,0,72,,"Common Redstart",72,72,,
norwhe2,Oenanthe oenanthe leucorhoa,Northern Wheatear (Greenland),,40718,13974,Traquet motteux (leucorhoa),BIRDS,40718,33,0,33,,"Northern Wheatear (Greenland)",33,33,,
norwhe,Oenanthe oenanthe,Northern Wheatear,,42067,13973,Traquet motteux,BIRDS,42067,1178,0,1178,,"Northern Wheatear",1178,1178,,
norwhe1,Oenanthe oenanthe oenanthe/libanotica,Northern Wheatear (Eurasian),,42068,13975,Traquet motteux (oenanthe/libanotica),BIRDS,42068,181,0,181,,"Northern Wheatear (Eurasian)",181,181,,
eurrob1,Erithacus rubecula,European Robin,,45843,13711,Rougegorge familier,BIRDS,45843,924,0,924,,"European Robin",924,924,,
eurbla,Turdus merula,Eurasian Blackbird,,45874,13341,Merle noir,BIRDS,45874,333,0,333,,"Eurasian Blackbird",333,333,,
,Eptesicus serotinus,Serotine Bat,,123690,123690,,MAMMALS,123690,36,0,36,,"Serotine Bat",36,36,,
,Myotis brandti,Brandt's Bat,,124180,124180,,MAMMALS,124180,3,0,3,,"Brandt's Bat",3,3,,
,Nyctalus noctula,Noctule Bat,,124960,124960,,MAMMALS,124960,44,0,44,,"Noctule Bat",44,44,,
,Pipistrellus nathusii,Nathusius' Pipistrelle,,125480,125480,,MAMMALS,125480,902,0,902,,"Nathusius' Pipistrelle",902,902,,
,Vespertilio murinus,Parti-colored Bat,,125950,125950,,MAMMALS,125950,19,0,19,,"Parti-colored Bat",19,19,,