id,dtStart,dtEnd,stationID,receiverID,group,photo,notes,continent,country,stateProv,status,receiverType,isBadStation,nAnt,frequency,localAnimals,animals,species,lastData,project,dtCreated,name,nDeps,nAnimals,nSpecies,photoAuthor,tsEnd
11316,Wed Jun 17 2020 08:00:00 GMT-0400 (Eastern Daylight Time),,11316,3890,1,,"",NA,DE,DE-NI,active,SENSORGNOME,false,4,150.1,0,83,11,Thu Dec 01 2022 05:51:16 GMT-0500 (Eastern Standard Time),123,Wed Jun 17 2020 08:00:00 GMT-0400 (Eastern Daylight Time),"Emssperrwerk",2,83,11,,
9876,Thu Sep 06 2018 10:00:00 GMT-0400 (Eastern Daylight Time),,9876,2682,1,,"",NA,DE,DE-NI,active,SENSORGNOME,false,4,150.1,64,60,11,Mon Nov 28 2022 19:10:05 GMT-0500 (Eastern Standard Time),123,Thu Sep 06 2018 10:00:00 GMT-0400 (Eastern Daylight Time),"28_Jade-Weser-Port",1,60,11,,
10077,Thu Dec 05 2019 05:00:00 GMT-0500 (Eastern Standard Time),,10077,3710,1,,"",NA,DE,DE-SH,active,SENSORGNOME,false,3,150.1,0,57,14,Thu Dec 01 2022 05:40:53 GMT-0500 (Eastern Standard Time),123,Thu Dec 05 2019 05:00:00 GMT-0500 (Eastern Standard Time),"40_Mittelplate",1,57,14,,
10282,Sat May 01 2021 06:00:00 GMT-0400 (Eastern Daylight Time),,10282,4341,1,,"",NA,DE,DE-NI,active,SENSORGNOME,false,4,150.1,64,97,10,Thu Oct 07 2021 07:57:43 GMT-0400 (Eastern Daylight Time),123,Sat May 01 2021 06:00:00 GMT-0400 (Eastern Daylight Time),"Rysum 1",1,97,10,,
10891,Tue Mar 21 2017 20:00:00 GMT-0400 (Eastern Daylight Time),,10891,2054,1,,"",NA,DE,DE-SH,active,SENSORGNOME,false,3,150.1,19,243,20,Thu Nov 24 2022 05:00:22 GMT-0500 (Eastern Standard Time),123,Tue Mar 21 2017 20:00:00 GMT-0400 (Eastern Daylight Time),"02_Dagebüll",1,243,20,,
10892,Wed Mar 22 2017 20:00:00 GMT-0400 (Eastern Daylight Time),,10892,2055,1,,"",NA,DE,DE-SH,active,SENSORGNOME,false,3,150.1,237,377,21,Thu Dec 01 2022 05:27:38 GMT-0500 (Eastern Standard Time),123,Wed Mar 22 2017 20:00:00 GMT-0400 (Eastern Daylight Time),"04_Nordstrand",1,377,21,,
10893,Mon Apr 10 2017 20:00:00 GMT-0400 (Eastern Daylight Time),,10893,2085,1,,"",NA,DE,DE-SH,active,SENSORGNOME,false,4,150.1,46,157,19,Mon Nov 28 2022 05:31:42 GMT-0500 (Eastern Standard Time),123,Mon Apr 10 2017 20:00:00 GMT-0400 (Eastern Daylight Time),"06_Tümlauer Koog",1,157,19,,
10894,Sun Apr 09 2017 20:00:00 GMT-0400 (Eastern Daylight Time),,10894,2086,1,,"",NA,DE,DE-SH,active,SENSORGNOME,false,3,150.1,5,244,20,Thu Dec 01 2022 05:12:36 GMT-0500 (Eastern Standard Time),123,Sun Apr 09 2017 20:00:00 GMT-0400 (Eastern Daylight Time),"08_Büsum",1,244,20,,
10895,Thu Jan 05 2017 19:00:00 GMT-0500 (Eastern Standard Time),,10895,2021,1,,"",NA,DE,DE-NI,active,SENSORGNOME,false,3,150.1,0,281,18,Thu Dec 01 2022 05:36:06 GMT-0500 (Eastern Standard Time),123,Thu Jan 05 2017 19:00:00 GMT-0500 (Eastern Standard Time),"11_Natureum Niederelbe",1,281,18,,
10896,Tue Feb 07 2017 11:00:00 GMT-0500 (Eastern Standard Time),,10896,2002,1,,"",NA,DE,DE-NI,active,SENSORGNOME,false,3,150.1,0,257,19,Wed Nov 30 2022 19:00:17 GMT-0500 (Eastern Standard Time),123,Tue Feb 07 2017 11:00:00 GMT-0500 (Eastern Standard Time),"15_Cappel-Neufeld",1,257,19,,
10897,Wed Jun 21 2017 06:00:00 GMT-0400 (Eastern Daylight Time),,10897,2174,1,,"",NA,DE,DE-NI,active,SENSORGNOME,false,3,150.1,0,85,16,Fri Oct 01 2021 04:01:32 GMT-0400 (Eastern Daylight Time),123,Wed Jun 21 2017 06:00:00 GMT-0400 (Eastern Daylight Time),"16_Bremerhaven",1,85,16,,
10898,Wed Dec 14 2016 10:00:00 GMT-0500 (Eastern Standard Time),,10898,1971,1,,"",NA,DE,DE-NI,active,SENSORGNOME,false,3,150.1,264,325,18,Thu Dec 01 2022 05:51:54 GMT-0500 (Eastern Standard Time),123,Wed Dec 14 2016 10:00:00 GMT-0500 (Eastern Standard Time),"21_Wangerland-Schöpfwerk",1,325,18,,
10899,Mon Feb 20 2017 19:00:00 GMT-0500 (Eastern Standard Time),,10899,2026,1,,"",NA,DE,DE-NI,active,SENSORGNOME,false,3,150.1,264,453,19,Sun Nov 27 2022 05:23:20 GMT-0500 (Eastern Standard Time),123,Mon Feb 20 2017 19:00:00 GMT-0500 (Eastern Standard Time),"22_Schillig",1,453,19,,
10900,Thu Dec 15 2016 05:00:00 GMT-0500 (Eastern Standard Time),,10900,1972,1,,"",NA,DE,DE-NI,active,SENSORGNOME,false,3,150.1,4,273,20,Thu Dec 01 2022 04:55:35 GMT-0500 (Eastern Standard Time),123,Thu Dec 15 2016 05:00:00 GMT-0500 (Eastern Standard Time),"23_Carolinensiel",1,273,20,,
10901,Mon Aug 29 2016 20:00:00 GMT-0400 (Eastern Daylight Time),Wed May 17 2017 16:00:00 GMT-0400 (Eastern Daylight Time),10901,1907,1,,"",NA,DE,DE-NI,inactive,SENSORGNOME,false,3,150.1,2,0,0,false,123,Mon Aug 29 2016 20:00:00 GMT-0400 (Eastern Daylight Time),"24_Dornumersiel",1,0,0,,
10902,Wed May 17 2017 02:00:00 GMT-0400 (Eastern Daylight Time),,10902,2183,1,,"",NA,DE,DE-NI,active,SENSORGNOME,false,3,150.1,2,50,12,Thu Dec 01 2022 05:36:38 GMT-0500 (Eastern Standard Time),123,Wed May 17 2017 02:00:00 GMT-0400 (Eastern Daylight Time),"24_Dornumersiel",1,50,12,,
10903,Tue Feb 21 2017 19:00:00 GMT-0500 (Eastern Standard Time),,10903,2027,1,,"",NA,DE,DE-NI,active,SENSORGNOME,false,3,150.1,278,234,15,Thu Dec 01 2022 05:03:49 GMT-0500 (Eastern Standard Time),123,Tue Feb 21 2017 19:00:00 GMT-0500 (Eastern Standard Time),"25_Hagermarsch",1,234,15,,
10904,Wed Jan 25 2017 19:00:00 GMT-0500 (Eastern Standard Time),,10904,1990,1,,"",NA,DE,DE-NI,active,SENSORGNOME,false,3,150.1,64,152,19,Thu Dec 01 2022 05:48:40 GMT-0500 (Eastern Standard Time),123,Wed Jan 25 2017 19:00:00 GMT-0500 (Eastern Standard Time),"27_Emden",1,152,19,,
10966,Mon Sep 11 2017 20:00:00 GMT-0400 (Eastern Daylight Time),,10966,2308,1,,"",NA,DE,DE-SH,active,SENSORGNOME,false,3,150.1,16,310,19,Thu Dec 01 2022 05:52:57 GMT-0500 (Eastern Standard Time),123,Mon Sep 11 2017 20:00:00 GMT-0400 (Eastern Daylight Time),"07_Eidersperrwerk",1,310,19,,
10967,Wed Aug 30 2017 20:00:00 GMT-0400 (Eastern Daylight Time),,10967,2309,1,,"",NA,DE,DE-SH,active,SENSORGNOME,false,3,150.1,2,195,16,Thu Dec 01 2022 05:02:27 GMT-0500 (Eastern Standard Time),123,Wed Aug 30 2017 20:00:00 GMT-0400 (Eastern Daylight Time),"09_Friedrichskoog",1,195,16,,
10968,Wed Sep 27 2017 20:00:00 GMT-0400 (Eastern Daylight Time),,10968,2311,1,,"",NA,DE,DE-NI,active,SENSORGNOME,false,3,150.1,2,266,19,Wed Nov 30 2022 05:21:15 GMT-0500 (Eastern Standard Time),123,Wed Sep 27 2017 20:00:00 GMT-0400 (Eastern Daylight Time),"26_Utlandshörn",1,266,19,,
10972,Wed Sep 13 2017 20:00:00 GMT-0400 (Eastern Daylight Time),,10972,2306,1,,"",NA,DE,DE-SH,active,SENSORGNOME,false,3,150.1,157,293,20,Thu Dec 01 2022 05:28:01 GMT-0500 (Eastern Standard Time),123,Wed Sep 13 2017 20:00:00 GMT-0400 (Eastern Daylight Time),"03_Sönke-Nissen-Koog",1,293,20,,
10986,Thu Dec 14 2017 09:00:00 GMT-0500 (Eastern Standard Time),,10986,2333,1,,"",NA,DE,DE-NI,active,SENSORGNOME,false,4,150.1,0,39,14,Tue Nov 29 2022 21:38:42 GMT-0500 (Eastern Standard Time),123,Thu Dec 14 2017 09:00:00 GMT-0500 (Eastern Standard Time),"13_Ruthenstrom",1,39,14,,
11187,Mon Mar 20 2017 20:00:00 GMT-0400 (Eastern Daylight Time),,11187,2052,1,,"",NA,DE,DE-SH,active,SENSORGNOME,false,4,150.1,219,217,18,Thu Dec 01 2022 05:35:15 GMT-0500 (Eastern Standard Time),123,Mon Mar 20 2017 20:00:00 GMT-0400 (Eastern Daylight Time),"01_Emmelsbüll",2,217,18,,
11188,Wed Apr 12 2017 20:00:00 GMT-0400 (Eastern Daylight Time),,11188,4041,1,,"",NA,DE,DE-SH,active,SENSORGNOME,false,3,150.1,87,190,17,Wed Nov 30 2022 17:49:27 GMT-0500 (Eastern Standard Time),123,Wed Apr 12 2017 20:00:00 GMT-0400 (Eastern Daylight Time),"05_Norderheverkoog",2,190,17,,
11189,Wed Oct 04 2017 20:00:00 GMT-0400 (Eastern Daylight Time),,11189,2310,1,,"",NA,DE,DE-SH,active,SENSORGNOME,false,3,150.1,2,173,15,Thu Dec 01 2022 05:01:32 GMT-0500 (Eastern Standard Time),123,Wed Oct 04 2017 20:00:00 GMT-0400 (Eastern Daylight Time),"10_Kaiser-Wilhelm-Koog",2,173,15,,
11190,Wed Sep 19 2018 04:00:00 GMT-0400 (Eastern Daylight Time),,11190,2430,1,,"",NA,DE,DE-NI,active,SENSORGNOME,false,4,150.1,0,67,12,Mon Nov 28 2022 05:32:59 GMT-0500 (Eastern Standard Time),123,Wed Sep 19 2018 04:00:00 GMT-0400 (Eastern Daylight Time),"14_Cuxhaven",3,67,12,,
11191,Wed Feb 05 2020 08:45:00 GMT-0500 (Eastern Standard Time),,11191,3763,1,,"",NA,DE,DE-NI,active,SENSORGNOME,false,4,150.1,0,224,22,Thu Dec 01 2022 05:01:58 GMT-0500 (Eastern Standard Time),123,Wed Feb 05 2020 08:45:00 GMT-0500 (Eastern Standard Time),"17_Fedderwardersiel",2,224,22,,
11192,Wed Aug 16 2017 08:00:00 GMT-0400 (Eastern Daylight Time),,11192,2223,1,,"",NA,DE,DE-NI,active,SENSORGNOME,false,3,150.1,0,203,17,Tue Nov 29 2022 05:35:52 GMT-0500 (Eastern Standard Time),123,Wed Aug 16 2017 08:00:00 GMT-0400 (Eastern Daylight Time),"18_Sehestedt",2,203,17,,
11193,Wed May 31 2017 04:00:00 GMT-0400 (Eastern Daylight Time),,11193,1970,1,,"",NA,DE,DE-NI,active,SENSORGNOME,false,3,150.1,0,202,17,Thu Dec 01 2022 05:58:05 GMT-0500 (Eastern Standard Time),123,Wed May 31 2017 04:00:00 GMT-0400 (Eastern Daylight Time),"19_Petershörn",2,202,17,,
11194,Wed Oct 12 2016 15:15:00 GMT-0400 (Eastern Daylight Time),,11194,1970,1,,"",NA,DE,DE-NI,active,SENSORGNOME,false,3,150.1,64,192,17,Mon Sep 26 2022 15:57:25 GMT-0400 (Eastern Daylight Time),123,Wed Oct 12 2016 15:15:00 GMT-0400 (Eastern Daylight Time),"20_Wilhelmshaven",2,192,17,,
11195,Wed Nov 20 2019 13:00:00 GMT-0500 (Eastern Standard Time),,11195,3639,1,,"",NA,DE,DE-NI,active,SENSORGNOME,false,4,150.1,0,30,8,Sun Nov 27 2022 05:55:23 GMT-0500 (Eastern Standard Time),123,Wed Nov 20 2019 13:00:00 GMT-0500 (Eastern Standard Time),"31_Nordenham",2,30,8,,
11196,Sat Jul 31 2021 20:00:00 GMT-0400 (Eastern Daylight Time),,11196,4665,1,,"",NA,DE,DE-HH,active,SENSORGNOME,false,1,150.1,0,1,1,Fri Oct 08 2021 13:11:03 GMT-0400 (Eastern Daylight Time),123,Sat Jul 31 2021 20:00:00 GMT-0400 (Eastern Daylight Time),"46_TU_Harburg",2,1,1,,
9826,Fri Mar 09 2018 19:00:00 GMT-0500 (Eastern Standard Time),Tue Apr 17 2018 19:59:00 GMT-0400 (Eastern Daylight Time),9826,2430,1,,"",NA,DE,DE-NI,inactive,SENSORGNOME,false,2,150.1,64,0,0,Wed Apr 18 2018 03:59:00 GMT-0400 (Eastern Daylight Time),123,Fri Mar 09 2018 19:00:00 GMT-0500 (Eastern Standard Time),"34_IfV",1,0,0,,
9844,Thu May 31 2018 20:00:00 GMT-0400 (Eastern Daylight Time),,9844,2528,1,,"",NA,,-,active,SENSORGNOME,false,4,150.1,1,1,1,Fri Nov 11 2022 05:56:22 GMT-0500 (Eastern Standard Time),123,Thu May 31 2018 20:00:00 GMT-0400 (Eastern Daylight Time),"61_FINO1",1,1,1,,
9845,Thu May 31 2018 20:00:00 GMT-0400 (Eastern Daylight Time),,9845,2529,1,,"",NA,,-,active,SENSORGNOME,false,3,150.1,1,3,3,Sat May 21 2022 06:38:45 GMT-0400 (Eastern Daylight Time),123,Thu May 31 2018 20:00:00 GMT-0400 (Eastern Daylight Time),"63_FINO3",1,3,3,,
9900,Sat Nov 03 2018 20:00:00 GMT-0400 (Eastern Daylight Time),Sat Jan 18 2020 19:00:00 GMT-0500 (Eastern Standard Time),9900,2835,1,,"",NA,DE,DE-NI,inactive,SENSORGNOME,false,1,150.1,16,1,1,Sun Jan 19 2020 05:00:00 GMT-0500 (Eastern Standard Time),123,Sat Nov 03 2018 20:00:00 GMT-0400 (Eastern Daylight Time),"29_Sillenstede",1,1,1,,
10992,Thu Feb 15 2018 19:00:00 GMT-0500 (Eastern Standard Time),,10992,2392,1,,"",NA,DE,DE-NI,active,SENSORGNOME,false,4,150.1,0,148,15,Thu Dec 01 2022 05:16:03 GMT-0500 (Eastern Standard Time),123,Thu Feb 15 2018 19:00:00 GMT-0500 (Eastern Standard Time),"12_Freiburg",1,148,15,,
12338,Tue Apr 07 2020 02:00:00 GMT-0400 (Eastern Daylight Time),Sat May 23 2020 02:15:00 GMT-0400 (Eastern Daylight Time),12338,3860,1,,"",NA,DE,DE-NI,inactive,SENSORGNOME,false,1,150.1,264,64,3,Sat May 23 2020 10:15:00 GMT-0400 (Eastern Daylight Time),123,Tue Apr 07 2020 02:00:00 GMT-0400 (Eastern Daylight Time),"TrackbirdMobile",1,64,3,,