"name","alpha2","alpha3","numeric3","un_legal_status"
"Afghanistan","AF","AFG","004","Independent"
"Åland Islands","AX","ALA","248","Not Independent"
"Albania","AL","ALB","008","Independent"
"Algeria","DZ","DZA","012","Independent"
"American Samoa","AS","ASM","016","Not Independent"
"Andorra","AD","AND","020","Independent"
"Angola","AO","AGO","024","Independent"
"Anguilla","AI","AIA","660","Not Independent"
"Antarctica","AQ","ATA","010","Not Independent"
"Antigua and Barbuda","AG","ATG","028","Independent"
"Argentina","AR","ARG","032","Independent"
"Armenia","AM","ARM","051","Independent"
"Aruba","AW","ABW","533","Not Independent"
"Australia","AU","AUS","036","Independent"
"Austria","AT","AUT","040","Independent"
"Azerbaijan","AZ","AZE","031","Independent"
"Bahamas","BS","BHS","044","Independent"
"Bahrain","BH","BHR","048","Independent"
"Bangladesh","BD","BGD","050","Independent"
"Barbados","BB","BRB","052","Independent"
"Belarus","BY","BLR","112","Independent"
"Belgium","BE","BEL","056","Independent"
"Belize","BZ","BLZ","084","Independent"
"Benin","BJ","BEN","204","Independent"
"Bermuda","BM","BMU","060","Not Independent"
"Bhutan","BT","BTN","064","Independent"
"Bolivia (Plurinational State of)","BO","BOL","068","Independent"
"Bonaire, Sint Eustatius and Saba","BQ","BES","535","Not Independent"
"Bosnia and Herzegovina","BA","BIH","070","Independent"
"Botswana","BW","BWA","072","Independent"
"Bouvet Island","BV","BVT","074","Not Independent"
"Brazil","BR","BRA","076","Independent"
"British Indian Ocean Territory","IO","IOT","086","Not Independent"
"Brunei Darussalam","BN","BRN","096","Independent"
"Bulgaria","BG","BGR","100","Independent"
"Burkina Faso","BF","BFA","854","Independent"
"Burundi","BI","BDI","108","Independent"
"Cabo Verde","CV","CPV","132","Independent"
"Cambodia","KH","KHM","116","Independent"
"Cameroon","CM","CMR","120","Independent"
"Canada","CA","CAN","124","Independent"
"Cayman Islands","KY","CYM","136","Not Independent"
"Central African Republic","CF","CAF","140","Independent"
"Chad","TD","TCD","148","Independent"
"Chile","CL","CHL","152","Independent"
"China","CN","CHN","156","Independent"
"Christmas Island","CX","CXR","162","Not Independent"
"Cocos (Keeling) Islands","CC","CCK","166","Not Independent"
"Colombia","CO","COL","170","Independent"
"Comoros","KM","COM","174","Independent"
"Congo","CG","COG","178","Independent"
"Congo, Democratic Republic of the","CD","COD","180","Independent"
"Cook Islands","CK","COK","184","Not Independent"
"Costa Rica","CR","CRI","188","Independent"
"Côte D'Ivoire","CI","CIV","384","Independent"
"Croatia","HR","HRV","191","Independent"
"Cuba","CU","CUB","192","Independent"
"Curaçao","CW","CUW","531","Not Independent"
"Cyprus","CY","CYP","196","Independent"
"Czechia","CZ","CZE","203","Independent"
"Denmark","DK","DNK","208","Independent"
"Djibouti","DJ","DJI","262","Independent"
"Dominica","DM","DMA","212","Independent"
"Dominican Republic","DO","DOM","214","Independent"
"Ecuador","EC","ECU","218","Independent"
"Egypt","EG","EGY","818","Independent"
"El Salvador","SV","SLV","222","Independent"
"Equatorial Guinea","GQ","GNQ","226","Independent"
"Eritrea","ER","ERI","232","Independent"
"Estonia","EE","EST","233","Independent"
"Eswatini","SZ","SWZ","748","Independent"
"Ethiopia","ET","ETH","231","Independent"
"Falkland Islands (Malvinas)","FK","FLK","238","Not Independent"
"Faroe Islands","FO","FRO","234","Not Independent"
"Fiji","FJ","FJI","242","Independent"
"Finland","FI","FIN","246","Independent"
"France","FR","FRA","250","Independent"
"French Guiana","GF","GUF","254","Not Independent"
"French Polynesia","PF","PYF","258","Not Independent"
"French Southern Territories","TF","ATF","260","Not Independent"
"Gabon","GA","GAB","266","Independent"
"Gambia","GM","GMB","270","Independent"
"Georgia","GE","GEO","268","Independent"
"Germany","DE","DEU","276","Independent"
"Ghana","GH","GHA","288","Independent"
"Gibraltar","GI","GIB","292","Not Independent"
"Greece","GR","GRC","300","Independent"
"Greenland","GL","GRL","304","Not Independent"
"Grenada","GD","GRD","308","Independent"
"Guadeloupe","GP","GLP","312","Not Independent"
"Guam","GU","GUM","316","Not Independent"
"Guatemala","GT","GTM","320","Independent"
"Guernsey","GG","GGY","831","Not Independent"
"Guinea","GN","GIN","324","Independent"
"Guinea-Bissau","GW","GNB","624","Independent"
"Guyana","GY","GUY","328","Independent"
"Haiti","HT","HTI","332","Independent"
"Heard Island and Mcdonald Islands","HM","HMD","334","Not Independent"
"Holy See","VA","VAT","336","Independent"
"Honduras","HN","HND","340","Independent"
"Hong Kong","HK","HKG","344","Not Independent"
"Hungary","HU","HUN","348","Independent"
"Iceland","IS","ISL","352","Independent"
"India","IN","IND","356","Independent"
"Indonesia","ID","IDN","360","Independent"
"Iran (Islamic Republic of)","IR","IRN","364","Independent"
"Iraq","IQ","IRQ","368","Independent"
"Ireland","IE","IRL","372","Independent"
"Isle of Man","IM","IMN","833","Not Independent"
"Israel","IL","ISR","376","Independent"
"Italy","IT","ITA","380","Independent"
"Jamaica","JM","JAM","388","Independent"
"Japan","JP","JPN","392","Independent"
"Jersey","JE","JEY","832","Not Independent"
"Jordan","JO","JOR","400","Independent"
"Kazakhstan","KZ","KAZ","398","Independent"
"Kenya","KE","KEN","404","Independent"
"Kiribati","KI","KIR","296","Independent"
"Korea, Democratic People's Republic of","KP","PRK","408","Independent"
"Korea, Republic of","KR","KOR","410","Independent"
"Kuwait","KW","KWT","414","Independent"
"Kyrgyzstan","KG","KGZ","417","Independent"
"Lao People's Democratic Republic","LA","LAO","418","Independent"
"Latvia","LV","LVA","428","Independent"
"Lebanon","LB","LBN","422","Independent"
"Lesotho","LS","LSO","426","Independent"
"Liberia","LR","LBR","430","Independent"
"Libya","LY","LBY","434","Independent"
"Liechtenstein","LI","LIE","438","Independent"
"Lithuania","LT","LTU","440","Independent"
"Luxembourg","LU","LUX","442","Independent"
"Macao","MO","MAC","446","Not Independent"
"Madagascar","MG","MDG","450","Independent"
"Malawi","MW","MWI","454","Independent"
"Malaysia","MY","MYS","458","Independent"
"Maldives","MV","MDV","462","Independent"
"Mali","ML","MLI","466","Independent"
"Malta","MT","MLT","470","Independent"
"Marshall Islands","MH","MHL","584","Independent"
"Martinique","MQ","MTQ","474","Not Independent"
"Mauritania","MR","MRT","478","Independent"
"Mauritius","MU","MUS","480","Independent"
"Mayotte","YT","MYT","175","Not Independent"
"Mexico","MX","MEX","484","Independent"
"Micronesia (Federated States of)","FM","FSM","583","Independent"
"Moldova, Republic of","MD","MDA","498","Independent"
"Monaco","MC","MCO","492","Independent"
"Mongolia","MN","MNG","496","Independent"
"Montenegro","ME","MNE","499","Independent"
"Montserrat","MS","MSR","500","Not Independent"
"Morocco","MA","MAR","504","Independent"
"Mozambique","MZ","MOZ","508","Independent"
"Myanmar","MM","MMR","104","Independent"
"Namibia","NA","NAM","516","Independent"
"Nauru","NR","NRU","520","Independent"
"Nepal","NP","NPL","524","Independent"
"Netherlands","NL","NLD","528","Independent"
"New Caledonia","NC","NCL","540","Not Independent"
"New Zealand","NZ","NZL","554","Independent"
"Nicaragua","NI","NIC","558","Independent"
"Niger","NE","NER","562","Independent"
"Nigeria","NG","NGA","566","Independent"
"Niue","NU","NIU","570","Not Independent"
"Norfolk Island","NF","NFK","574","Not Independent"
"North Macedonia","MK","MKD","807","Independent"
"Northern Mariana Islands","MP","MNP","580","Not Independent"
"Norway","NO","NOR","578","Independent"
"Oman","OM","OMN","512","Independent"
"Pakistan","PK","PAK","586","Independent"
"Palau","PW","PLW","585","Independent"
"Palestine, State of","PS","PSE","275","Not Independent"
"Panama","PA","PAN","591","Independent"
"Papua New Guinea","PG","PNG","598","Independent"
"Paraguay","PY","PRY","600","Independent"
"Peru","PE","PER","604","Independent"
"Philippines","PH","PHL","608","Independent"
"Pitcairn","PN","PCN","612","Not Independent"
"Poland","PL","POL","616","Independent"
"Portugal","PT","PRT","620","Independent"
"Puerto Rico","PR","PRI","630","Not Independent"
"Qatar","QA","QAT","634","Independent"
"Réunion","RE","REU","638","Not Independent"
"Romania","RO","ROU","642","Independent"
"Russian Federation","RU","RUS","643","Independent"
"Rwanda","RW","RWA","646","Independent"
"Saint Barthélemy","BL","BLM","652","Not Independent"
"Saint Helena, Ascension and Tristan Da Cunha","SH","SHN","654","Not Independent"
"Saint Kitts and Nevis","KN","KNA","659","Independent"
"Saint Lucia","LC","LCA","662","Independent"
"Saint Martin (French Part)","MF","MAF","663","Not Independent"
"Saint Pierre and Miquelon","PM","SPM","666","Not Independent"
"Saint Vincent and the Grenadines","VC","VCT","670","Independent"
"Samoa","WS","WSM","882","Independent"
"San Marino","SM","SMR","674","Independent"
"Sao Tome and Principe","ST","STP","678","Independent"
"Saudi Arabia","SA","SAU","682","Independent"
"Senegal","SN","SEN","686","Independent"
"Serbia","RS","SRB","688","Independent"
"Seychelles","SC","SYC","690","Independent"
"Sierra Leone","SL","SLE","694","Independent"
"Singapore","SG","SGP","702","Independent"
"Sint Maarten (Dutch Part)","SX","SXM","534","Not Independent"
"Slovakia","SK","SVK","703","Independent"
"Slovenia","SI","SVN","705","Independent"
"Solomon Islands","SB","SLB","090","Independent"
"Somalia","SO","SOM","706","Independent"
"South Africa","ZA","ZAF","710","Independent"
"South Georgia and the South Sandwich Islands","GS","SGS","239","Not Independent"
"South Sudan","SS","SSD","728","Independent"
"Spain","ES","ESP","724","Independent"
"Sri Lanka","LK","LKA","144","Independent"
"Sudan","SD","SDN","729","Independent"
"Suriname","SR","SUR","740","Independent"
"Svalbard and Jan Mayen","SJ","SJM","744","Not Independent"
"Sweden","SE","SWE","752","Independent"
"Switzerland","CH","CHE","756","Independent"
"Syrian Arab Republic","SY","SYR","760","Independent"
"Taiwan, Province of China","TW","TWN","158","Not Independent"
"Tajikistan","TJ","TJK","762","Independent"
"Tanzania, United Republic of","TZ","TZA","834","Independent"
"Thailand","TH","THA","764","Independent"
"Timor-Leste","TL","TLS","626","Independent"
"Togo","TG","TGO","768","Independent"
"Tokelau","TK","TKL","772","Not Independent"
"Tonga","TO","TON","776","Independent"
"Trinidad and Tobago","TT","TTO","780","Independent"
"Tunisia","TN","TUN","788","Independent"
"Turkey","TR","TUR","792","Independent"
"Turkmenistan","TM","TKM","795","Independent"
"Turks and Caicos Islands","TC","TCA","796","Not Independent"
"Tuvalu","TV","TUV","798","Independent"
"Uganda","UG","UGA","800","Independent"
"Ukraine","UA","UKR","804","Independent"
"United Arab Emirates","AE","ARE","784","Independent"
"United Kingdom of Great Britain and Northern Ireland","GB","GBR","826","Independent"
"United States Minor Outlying Islands","UM","UMI","581","Not Independent"
"United States of America","US","USA","840","Independent"
"Uruguay","UY","URY","858","Independent"
"Uzbekistan","UZ","UZB","860","Independent"
"Vanuatu","VU","VUT","548","Independent"
"Venezuela (Bolivarian Republic of)","VE","VEN","862","Independent"
"Viet Nam","VN","VNM","704","Independent"
"Virgin Islands, British","VG","VGB","092","Not Independent"
"Virgin Islands, U.S.","VI","VIR","850","Not Independent"
"Wallis and Futuna","WF","WLF","876","Not Independent"
"Western Sahara","EH","ESH","732","Not Independent"
"Yemen","YE","YEM","887","Independent"
"Zambia","ZM","ZMB","894","Independent"
"Zimbabwe","ZW","ZWE","716","Independent"
