<?xml version="1.0" encoding="UTF-8"?>
<accession manifest_version="2">
  <head>
    <id>0138946</id>
    <version>1.1</version>
    <timestamp>2015-12-28 17:24:07+00</timestamp>
    <host>mare</host>
    <directory>/nodc/archive/arc0083/0138946/1.1/</directory>
    <file_count>19</file_count>
    <byte_count>660437</byte_count>
  </head>
  <body>
    <files>
      <file>
        <path>NODC-Readme.txt</path>
        <digest algorithm="md5">4ed87de71d73f3bf04f48b23591265ca</digest>
        <digest algorithm="sha1">7f0f82e8500dd343d4c7e0ff4f7259d50c297a91</digest>
        <digest algorithm="sha256">700575ea312083223095e1c8f7a54a1e7bcfc790146ed4ccb1bbad247a3b6aa3</digest>
        <digest algorithm="sha384">c890984f8709860ae0958cee10e489b3aa5d5ddfbfde51da6d500a2609c91fb8724767494200ce974281f2799d256fa3</digest>
        <digest algorithm="sha512">c65c6154c459e490bf5842423f38628ceda74e4c8101f32ab88273a0af018433241ca0327b8e1015bca7bed1de9dc12bf216d129cd8b900fb2fb547ac8559aaa</digest>
        <type_category>regular</type_category>
        <type>text</type>
        <permissions>-rw-rw-r--</permissions>
        <linkcount>1</linkcount>
        <user>root</user>
        <group>root</group>
        <size>2816</size>
        <blksize>32768</blksize>
        <blocks>8</blocks>
        <modtime>2013-12-08 14:53:02+00</modtime>
        <changetime>2015-12-28 17:24:06+00</changetime>
        <acctime>2015-12-28 17:24:06+00</acctime>
        <sumtime>2015-12-28 17:24:07+00</sumtime>
        <inode>63832069</inode>
      </file>
      <file>
        <path>about</path>
        <digest algorithm="md5">d41d8cd98f00b204e9800998ecf8427e</digest>
        <digest algorithm="sha1">da39a3ee5e6b4b0d3255bfef95601890afd80709</digest>
        <digest algorithm="sha256">e3b0c44298fc1c149afbf4c8996fb92427ae41e4649b934ca495991b7852b855</digest>
        <digest algorithm="sha384">38b060a751ac96384cd9327eb1b1e36a21fdb71114be07434c0cc7bf63f6e1da274edebfe76f65fbd51ad2f14898b95b</digest>
        <digest algorithm="sha512">cf83e1357eefb8bdf1542850d66d8007d620e4050b5715dc83f4a921d36ce9ce47d0d13c5d85f2b0ff8318d2877eec2f63b931bd47417a81a538327af927da3e</digest>
        <type_category>irregular</type_category>
        <type>directory</type>
        <permissions>drwxrwxr-x</permissions>
        <linkcount>2</linkcount>
        <user>root</user>
        <group>root</group>
        <size>4096</size>
        <blksize>32768</blksize>
        <blocks>8</blocks>
        <modtime>2015-12-17 19:53:38+00</modtime>
        <changetime>2015-12-28 17:24:06+00</changetime>
        <acctime>2015-12-28 17:24:07+00</acctime>
        <sumtime>2015-12-28 17:24:07+00</sumtime>
        <inode>63832067</inode>
      </file>
      <file>
        <path>about/0138946_lonlat.txt</path>
        <digest algorithm="md5">1dd28b3a5e5c492c08dbfb84a669a38f</digest>
        <digest algorithm="sha1">5c32bb4c5e71ed240179640b0a07d9fb3fa4f5d4</digest>
        <digest algorithm="sha256">df737eed6a31b696d5143f077dfc3a405580fb0dde6c3557f1b5db3fdf1fde02</digest>
        <digest algorithm="sha384">f6b77cf2ca3e7b8b0c457546ef4b1a155fab446c38f149ad14c0c57036a1e6bef471ffee4317d33a8e6b70ae0784be6f</digest>
        <digest algorithm="sha512">2b68a35661a155b256d070f7e5ade1865084d703ce32f53be9639e42007bf0b34d6c2e218bd3666c24073342e75bcc1777daeeca9b6bf3bf5c63ab3d14a44341</digest>
        <type_category>regular</type_category>
        <type>text</type>
        <permissions>-rw-rw-r--</permissions>
        <linkcount>1</linkcount>
        <user>root</user>
        <group>root</group>
        <size>21245</size>
        <blksize>32768</blksize>
        <blocks>48</blocks>
        <modtime>2015-12-17 19:52:28+00</modtime>
        <changetime>2015-12-28 17:24:06+00</changetime>
        <acctime>2015-12-28 17:24:06+00</acctime>
        <sumtime>2015-12-28 17:24:07+00</sumtime>
        <inode>63832071</inode>
      </file>
      <file>
        <path>about/0138946_map.jpg</path>
        <digest algorithm="md5">3605a229bb9c5e1bee752bd226d5f6a2</digest>
        <digest algorithm="sha1">2420809a2f6d324d3e61e2fe4a446f77d8743d5d</digest>
        <digest algorithm="sha256">20d625ab367442f9daafa28b3a88ed9b6fd758d9c6d60c24cbca6a16e883814d</digest>
        <digest algorithm="sha384">0132dfa29aa33f97082d69a57ddfff40d742c4cd49b7bf638c0bb2d9703165c23f628d6830cfe63da57483aa0938e1fb</digest>
        <digest algorithm="sha512">09ec30461c90d0ad2c4e54dadc608d282a828d1257f0981ea54d4867e423952ade1621874e76ce8feb50be25933a23e61bee8d173688411be92c2334560f1c69</digest>
        <type_category>regular</type_category>
        <type>binary</type>
        <permissions>-rw-rw-r--</permissions>
        <linkcount>1</linkcount>
        <user>root</user>
        <group>root</group>
        <size>267265</size>
        <blksize>32768</blksize>
        <blocks>528</blocks>
        <modtime>2015-12-17 19:52:39+00</modtime>
        <changetime>2015-12-28 17:24:06+00</changetime>
        <acctime>2015-12-28 17:24:06+00</acctime>
        <sumtime>2015-12-28 17:24:07+00</sumtime>
        <inode>63832072</inode>
      </file>
      <file>
        <path>about/0138946_preview.jpg</path>
        <digest algorithm="md5">3605a229bb9c5e1bee752bd226d5f6a2</digest>
        <digest algorithm="sha1">2420809a2f6d324d3e61e2fe4a446f77d8743d5d</digest>
        <digest algorithm="sha256">20d625ab367442f9daafa28b3a88ed9b6fd758d9c6d60c24cbca6a16e883814d</digest>
        <digest algorithm="sha384">0132dfa29aa33f97082d69a57ddfff40d742c4cd49b7bf638c0bb2d9703165c23f628d6830cfe63da57483aa0938e1fb</digest>
        <digest algorithm="sha512">09ec30461c90d0ad2c4e54dadc608d282a828d1257f0981ea54d4867e423952ade1621874e76ce8feb50be25933a23e61bee8d173688411be92c2334560f1c69</digest>
        <type_category>regular</type_category>
        <type>binary</type>
        <permissions>-rw-rw-r--</permissions>
        <linkcount>1</linkcount>
        <user>root</user>
        <group>root</group>
        <size>267265</size>
        <blksize>32768</blksize>
        <blocks>528</blocks>
        <modtime>2015-12-17 19:53:38+00</modtime>
        <changetime>2015-12-28 17:24:06+00</changetime>
        <acctime>2015-12-28 17:24:06+00</acctime>
        <sumtime>2015-12-28 17:24:07+00</sumtime>
        <inode>63832073</inode>
      </file>
      <file>
        <path>about/UDRC0M-confirmation_email.txt</path>
        <digest algorithm="md5">a4158bc0358da78f20d3b12f47a5b92a</digest>
        <digest algorithm="sha1">ad331f3d124d22ac6594b023cc784de9e792440e</digest>
        <digest algorithm="sha256">4997e128d04bd09b30b9acbcb43a10f62a27362af33fc421c4314e6869616075</digest>
        <digest algorithm="sha384">f9585df3c1b2d5b1aa0b8564b31745ba62ca82be14be35dd59224cc81205fe627c0babdacb9f8bb5a460b084219d3d7e</digest>
        <digest algorithm="sha512">672ccb5d0ca45bbe37181e8fa2778e39a9fc6ea13a31f04389593a11bdba1c344aae6c4e3d4901d467103336943d3da4cfc6864f3235a80674f90cc8668b5ba7</digest>
        <type_category>regular</type_category>
        <type>text</type>
        <permissions>-rw-rw-r--</permissions>
        <linkcount>1</linkcount>
        <user>root</user>
        <group>root</group>
        <size>1946</size>
        <blksize>32768</blksize>
        <blocks>8</blocks>
        <modtime>2015-12-07 19:30:09+00</modtime>
        <changetime>2015-12-28 17:24:06+00</changetime>
        <acctime>2015-12-28 17:24:06+00</acctime>
        <sumtime>2015-12-28 17:24:07+00</sumtime>
        <inode>63832074</inode>
      </file>
      <file>
        <path>about/journal.txt</path>
        <digest algorithm="md5">bffb862e92d004831e5cfce296830f3c</digest>
        <digest algorithm="sha1">ef22fea80a7971c5bc812144b7926856132c4e98</digest>
        <digest algorithm="sha256">057c7eae20b53c1c081f946d1c929ab1759fb816be68a6f57f8c3123cd76a498</digest>
        <digest algorithm="sha384">a446f348d7493857439a66183f5e86ed3c18fe632ac0abfa3a8a83a444fd5032f93926c56f5d0f2c34eb0d4af620d3d9</digest>
        <digest algorithm="sha512">d60a168c17d4bee9c31d506751bdefbcc66597153ff7b29aee9da3b8faa54c6b2eded3c981284841abac784a30e2ca034c99f7e4e7e7baf0a0de40394928101f</digest>
        <type_category>regular</type_category>
        <type>text</type>
        <permissions>-rw-rw-r--</permissions>
        <linkcount>1</linkcount>
        <user>root</user>
        <group>root</group>
        <size>1997</size>
        <blksize>32768</blksize>
        <blocks>8</blocks>
        <modtime>2015-12-17 19:52:05+00</modtime>
        <changetime>2015-12-28 17:24:06+00</changetime>
        <acctime>2015-12-28 17:24:06+00</acctime>
        <sumtime>2015-12-28 17:24:07+00</sumtime>
        <inode>63832075</inode>
      </file>
      <file>
        <path>data</path>
        <digest algorithm="md5">d41d8cd98f00b204e9800998ecf8427e</digest>
        <digest algorithm="sha1">da39a3ee5e6b4b0d3255bfef95601890afd80709</digest>
        <digest algorithm="sha256">e3b0c44298fc1c149afbf4c8996fb92427ae41e4649b934ca495991b7852b855</digest>
        <digest algorithm="sha384">38b060a751ac96384cd9327eb1b1e36a21fdb71114be07434c0cc7bf63f6e1da274edebfe76f65fbd51ad2f14898b95b</digest>
        <digest algorithm="sha512">cf83e1357eefb8bdf1542850d66d8007d620e4050b5715dc83f4a921d36ce9ce47d0d13c5d85f2b0ff8318d2877eec2f63b931bd47417a81a538327af927da3e</digest>
        <type_category>irregular</type_category>
        <type>directory</type>
        <permissions>drwxrwxr-x</permissions>
        <linkcount>3</linkcount>
        <user>root</user>
        <group>root</group>
        <size>4096</size>
        <blksize>32768</blksize>
        <blocks>8</blocks>
        <modtime>2015-12-08 15:55:07+00</modtime>
        <changetime>2015-12-28 17:24:06+00</changetime>
        <acctime>2015-12-28 17:24:07+00</acctime>
        <sumtime>2015-12-28 17:24:07+00</sumtime>
        <inode>63832068</inode>
      </file>
      <file>
        <path>data/0-data</path>
        <digest algorithm="md5">d41d8cd98f00b204e9800998ecf8427e</digest>
        <digest algorithm="sha1">da39a3ee5e6b4b0d3255bfef95601890afd80709</digest>
        <digest algorithm="sha256">e3b0c44298fc1c149afbf4c8996fb92427ae41e4649b934ca495991b7852b855</digest>
        <digest algorithm="sha384">38b060a751ac96384cd9327eb1b1e36a21fdb71114be07434c0cc7bf63f6e1da274edebfe76f65fbd51ad2f14898b95b</digest>
        <digest algorithm="sha512">cf83e1357eefb8bdf1542850d66d8007d620e4050b5715dc83f4a921d36ce9ce47d0d13c5d85f2b0ff8318d2877eec2f63b931bd47417a81a538327af927da3e</digest>
        <type_category>irregular</type_category>
        <type>directory</type>
        <permissions>drwxrwxr-x</permissions>
        <linkcount>2</linkcount>
        <user>root</user>
        <group>root</group>
        <size>4096</size>
        <blksize>32768</blksize>
        <blocks>8</blocks>
        <modtime>2015-12-17 19:42:07+00</modtime>
        <changetime>2015-12-28 17:24:06+00</changetime>
        <acctime>2015-12-28 17:24:07+00</acctime>
        <sumtime>2015-12-28 17:24:07+00</sumtime>
        <inode>63832070</inode>
      </file>
      <file>
        <path>data/0-data/21809-07.csv</path>
        <digest algorithm="md5">e8cf1d6d8d88f63cc7ec319e4194aca4</digest>
        <digest algorithm="sha1">39b36208a9ff71c01e74ada4aad8b6c4cee97e22</digest>
        <digest algorithm="sha256">05a44a8daa3325ac86071d647f366e29396d7d49063d1dc2ec2ccf816b9017c9</digest>
        <digest algorithm="sha384">7ea871565a461ccb53f34badff9a2df0b26091df858de7214496a7f1aeef2c0361222d3dc2eda9e0667135662efbc4af</digest>
        <digest algorithm="sha512">c4e85bc9bfaddef105bbb2c0e5f5aed9a4349e0a5d3d292324b37f44aa0afe63a71eb6854cbcbac682af1d748e3709ef353ef78dd7b6d9f7ce22b0e17821e193</digest>
        <type_category>regular</type_category>
        <type>text</type>
        <permissions>-rw-rw-r--</permissions>
        <linkcount>1</linkcount>
        <user>root</user>
        <group>root</group>
        <size>4275</size>
        <blksize>32768</blksize>
        <blocks>16</blocks>
        <modtime>2015-12-07 19:25:52+00</modtime>
        <changetime>2015-12-28 17:24:06+00</changetime>
        <acctime>2015-12-28 17:24:06+00</acctime>
        <sumtime>2015-12-28 17:24:07+00</sumtime>
        <inode>63832076</inode>
      </file>
      <file>
        <path>data/0-data/21809-08.csv</path>
        <digest algorithm="md5">9f8b4658cb9fd4d925f1d3a60c8fcdfb</digest>
        <digest algorithm="sha1">182414722637d471694452601a68b0915dac65b5</digest>
        <digest algorithm="sha256">34951bd4b9fd0f66fa172d6890d4435e7afac712d691526aa2d2cc2b1c93473a</digest>
        <digest algorithm="sha384">b258fd256411b702cb0045570421b356f944071813f0c68ee41641289273a69e903a4e00db848273b0f887f58b4fb86d</digest>
        <digest algorithm="sha512">28bd8b46c0a866ef8c59eec67b74469a6bcaf6d0fae036fa1572768353f0402209207fea02ea4cb1710eeac359407af735080efc1419f49b642571ba29647a01</digest>
        <type_category>regular</type_category>
        <type>text</type>
        <permissions>-rw-rw-r--</permissions>
        <linkcount>1</linkcount>
        <user>root</user>
        <group>root</group>
        <size>10838</size>
        <blksize>32768</blksize>
        <blocks>24</blocks>
        <modtime>2015-12-07 19:25:53+00</modtime>
        <changetime>2015-12-28 17:24:06+00</changetime>
        <acctime>2015-12-28 17:24:06+00</acctime>
        <sumtime>2015-12-28 17:24:07+00</sumtime>
        <inode>63832077</inode>
      </file>
      <file>
        <path>data/0-data/21810-07.csv</path>
        <digest algorithm="md5">f6076153072ad3da8dee5ab558fd9ec4</digest>
        <digest algorithm="sha1">9cf90ff4df9a23ab3496bb6472934b62473c1d26</digest>
        <digest algorithm="sha256">e5671a9f713806228606437a4cd6f8b1253d8290a9578203dbea05d818ef0144</digest>
        <digest algorithm="sha384">35edea6d5a4780d0804941d8cbf28af3b9f4ac29b495f9ddffe3a15d87750cab3382e552e9cdc7097ea94e13206010a4</digest>
        <digest algorithm="sha512">98e756860b3e8e2bf01815d887c56d7cea54880f31ed902ffbff5726dd5c1efea3a1d7107d9d939d7184d33c743578e684bc995ed2a1cec64ba553ab3800e455</digest>
        <type_category>regular</type_category>
        <type>text</type>
        <permissions>-rw-rw-r--</permissions>
        <linkcount>1</linkcount>
        <user>root</user>
        <group>root</group>
        <size>2892</size>
        <blksize>32768</blksize>
        <blocks>8</blocks>
        <modtime>2015-12-07 19:25:54+00</modtime>
        <changetime>2015-12-28 17:24:06+00</changetime>
        <acctime>2015-12-28 17:24:06+00</acctime>
        <sumtime>2015-12-28 17:24:07+00</sumtime>
        <inode>63832078</inode>
      </file>
      <file>
        <path>data/0-data/21810-08.csv</path>
        <digest algorithm="md5">282494a753c42b0d4f25494c5ba7cd79</digest>
        <digest algorithm="sha1">9cee93ad515fd04b55a4902484ac836d4def028f</digest>
        <digest algorithm="sha256">aedfa66109d2b319e87bfe62a498806194087306a6709b440d08fd4ec29b3709</digest>
        <digest algorithm="sha384">f5a32027d1e28bb50350aae6518ed7f29e83425d611399d4e6b79023fdc6ef069f74f5eb837a834a0ae8df58e6850045</digest>
        <digest algorithm="sha512">7731a9fc6c6dc7b8189d5809d0c99a95dc80745b95f8fc81d0a293c24548b9d4bc36fab9c8968103f6bcb732a8deb8aa1e083eaa0c71d12f9a80ecea51909bdc</digest>
        <type_category>regular</type_category>
        <type>text</type>
        <permissions>-rw-rw-r--</permissions>
        <linkcount>1</linkcount>
        <user>root</user>
        <group>root</group>
        <size>16496</size>
        <blksize>32768</blksize>
        <blocks>40</blocks>
        <modtime>2015-12-07 19:25:54+00</modtime>
        <changetime>2015-12-28 17:24:06+00</changetime>
        <acctime>2015-12-28 17:24:06+00</acctime>
        <sumtime>2015-12-28 17:24:07+00</sumtime>
        <inode>63832079</inode>
      </file>
      <file>
        <path>data/0-data/87769-09.csv</path>
        <digest algorithm="md5">bfe1ef97ebdadddf8bd11ec841bd2859</digest>
        <digest algorithm="sha1">3651c07987e5d81df203a5bf22ed5c63635ef03a</digest>
        <digest algorithm="sha256">e539bf3497f498d8864f5c1b074eb98d1fbb7f55c1d64ba0d4b18797980b36e1</digest>
        <digest algorithm="sha384">397c0345eb1f13b7b036b719efd01ef6f09c64d4751df246efcc4fc5cbbc01655c1831dc54e5bd5fc39b4aa7421b9434</digest>
        <digest algorithm="sha512">11bcbe29a8d833e631e6037e8a096cd2c03ac41fafbdeceb25d2eea5b625335bfcd6429718313511736b800b18c92a25a9984da71f99c9c2370bbefefb6fe738</digest>
        <type_category>regular</type_category>
        <type>text</type>
        <permissions>-rw-rw-r--</permissions>
        <linkcount>1</linkcount>
        <user>root</user>
        <group>root</group>
        <size>2023</size>
        <blksize>32768</blksize>
        <blocks>8</blocks>
        <modtime>2015-12-07 19:25:55+00</modtime>
        <changetime>2015-12-28 17:24:06+00</changetime>
        <acctime>2015-12-28 17:24:06+00</acctime>
        <sumtime>2015-12-28 17:24:07+00</sumtime>
        <inode>63832080</inode>
      </file>
      <file>
        <path>data/0-data/87771-11.csv</path>
        <digest algorithm="md5">70d05653673b9a09b1b5dcc1ba0544b1</digest>
        <digest algorithm="sha1">962628eba605bd9cf96ad73f3dc33856113007c8</digest>
        <digest algorithm="sha256">2b579266107dbefc459f2e263b3f6f0a6b630839ee694ea99e361fb9b14b92cb</digest>
        <digest algorithm="sha384">7c8f26451054f2fd0163f7b01abcb76501b7df7b1e7f39beb3ff6940cb046fbb45503d81c7a784b649617fd4d98cd726</digest>
        <digest algorithm="sha512">b5dcca9af94cde58a9263a9cf821934f0dfd2a3dc2ad1065955c95092001f95b488c25cfbab244e1dc470c128979792148833a4428230303f954c7d0914c6ae8</digest>
        <type_category>regular</type_category>
        <type>text</type>
        <permissions>-rw-rw-r--</permissions>
        <linkcount>1</linkcount>
        <user>root</user>
        <group>root</group>
        <size>3251</size>
        <blksize>32768</blksize>
        <blocks>8</blocks>
        <modtime>2015-12-07 19:25:56+00</modtime>
        <changetime>2015-12-28 17:24:06+00</changetime>
        <acctime>2015-12-28 17:24:06+00</acctime>
        <sumtime>2015-12-28 17:24:07+00</sumtime>
        <inode>63832081</inode>
      </file>
      <file>
        <path>data/0-data/88720-10.csv</path>
        <digest algorithm="md5">4a16c741933a40ef8bd88babd274c570</digest>
        <digest algorithm="sha1">a729a77f0a131b2a5dfcb11617503d0d010ef192</digest>
        <digest algorithm="sha256">058a5f62dc890f85882db3a383923f9bacf6cef47e7bb8f4c196f7928d35058c</digest>
        <digest algorithm="sha384">71a9de2d4bd9bc3fd5f17a1686bae705eda7a5f2edbcee75347ffd129b9653dac41e74cbc1b196fd1a9ab0550eaa7e91</digest>
        <digest algorithm="sha512">cf1fc3f12a95bc9ef431f3571f407ef5499803f57669ba367bc1b4e9926700682d9f89ca53689ebb412d99a90443d467e5f6782c612344f148aa0c4fa4067043</digest>
        <type_category>regular</type_category>
        <type>text</type>
        <permissions>-rw-rw-r--</permissions>
        <linkcount>1</linkcount>
        <user>root</user>
        <group>root</group>
        <size>5515</size>
        <blksize>32768</blksize>
        <blocks>16</blocks>
        <modtime>2015-12-07 19:25:57+00</modtime>
        <changetime>2015-12-28 17:24:06+00</changetime>
        <acctime>2015-12-28 17:24:06+00</acctime>
        <sumtime>2015-12-28 17:24:07+00</sumtime>
        <inode>63832082</inode>
      </file>
      <file>
        <path>data/0-data/88721-10.csv</path>
        <digest algorithm="md5">fd293607881c755c3afa2d1f26a3efd7</digest>
        <digest algorithm="sha1">04eddbd8e631795d904ee2c4715a3d3cae2895af</digest>
        <digest algorithm="sha256">006dadc3c829804b993d9204c524999b21b801e18883c7b5de8a1e8e28db5a1f</digest>
        <digest algorithm="sha384">e7fc5922d877a8e369998b9d56fbab46b90e9ff8c2f67fd0c4e81cfc8d349c2ab506df3a3908f6c64b1e5f13654607bc</digest>
        <digest algorithm="sha512">fbcf5ef4f6aa49ec7c2f1e8d3621e92bcc96d0ea55fd8693d63bd45541089d17fc0c723c783d8aa6d4985cc6c2a5cd5803bc07432a3c014731f839bb530a2360</digest>
        <type_category>regular</type_category>
        <type>text</type>
        <permissions>-rw-rw-r--</permissions>
        <linkcount>1</linkcount>
        <user>root</user>
        <group>root</group>
        <size>6699</size>
        <blksize>32768</blksize>
        <blocks>16</blocks>
        <modtime>2015-12-07 19:25:57+00</modtime>
        <changetime>2015-12-28 17:24:06+00</changetime>
        <acctime>2015-12-28 17:24:06+00</acctime>
        <sumtime>2015-12-28 17:24:07+00</sumtime>
        <inode>63832083</inode>
      </file>
      <file>
        <path>data/0-data/Bering Sea Humpbacks_satellite tagging.xml</path>
        <digest algorithm="md5">e8c3f05c47d01008521ac98f25b9442e</digest>
        <digest algorithm="sha1">fd80c648d9e80c7e35854a494ab8d5b9d506c18e</digest>
        <digest algorithm="sha256">37975c3f556f0b9255aeb051fe75002c8aff7a2eaed3249f97fd076b1e32220b</digest>
        <digest algorithm="sha384">0859922125890832b9489fe44cf589a1467235497761229401594fe5dd4d76abf31e335383d0986054ccc04fbff27102</digest>
        <digest algorithm="sha512">0acd4a608e14c775169930e06a7529877efa72515ea910f4b6151f42074c956cfdaeb520912bb63887b4ba144591fa5f9524af8fb8ac9bd45d9dd826a1daf3eb</digest>
        <type_category>regular</type_category>
        <type>text</type>
        <permissions>-rw-rw-r--</permissions>
        <linkcount>1</linkcount>
        <user>root</user>
        <group>root</group>
        <size>18414</size>
        <blksize>32768</blksize>
        <blocks>40</blocks>
        <modtime>2015-12-07 19:25:58+00</modtime>
        <changetime>2015-12-28 17:24:06+00</changetime>
        <acctime>2015-12-28 17:24:06+00</acctime>
        <sumtime>2015-12-28 17:24:07+00</sumtime>
        <inode>63832084</inode>
      </file>
      <file>
        <path>data/0-data/UDRC0M-ISO-19115-2.xml</path>
        <digest algorithm="md5">aa543f7103bfd340e76666e5b49defe6</digest>
        <digest algorithm="sha1">9fe3eb4fb1efe042851c36dcdcacc556f7fc2298</digest>
        <digest algorithm="sha256">180e524e69cf85394d0abb2662882671cd19f6ff6f89742acd435c740e559023</digest>
        <digest algorithm="sha384">51c73f0f7b206d36f2955ad8712348f7405f95ab6778b892a488f7e34bcd1201bf0f2feeb119f7e3c1dc06d6c8fef25e</digest>
        <digest algorithm="sha512">74d466ef07568b8bdc57f52c5b19d46d85b66e05bf77bce5a24111432885cf82e453183d6c17d7df091c3ffc6e39abd574a178348797c0930c270924f69869a5</digest>
        <type_category>regular</type_category>
        <type>text</type>
        <permissions>-rw-rw-r--</permissions>
        <linkcount>1</linkcount>
        <user>root</user>
        <group>root</group>
        <size>15212</size>
        <blksize>32768</blksize>
        <blocks>32</blocks>
        <modtime>2015-12-07 19:30:07+00</modtime>
        <changetime>2015-12-28 17:24:06+00</changetime>
        <acctime>2015-12-28 17:24:06+00</acctime>
        <sumtime>2015-12-28 17:24:07+00</sumtime>
        <inode>63832085</inode>
      </file>
    </files>
  </body>
</accession>
