GEO_ID,NAME,POP_5YOVER,POP_5YME,SPAN_5Y,SPAN_5YME,SPAN_5YPC,SPAN_5YPE
1400000US44001030100,"Census Tract 301, Bristol County, Rhode Island",4154,210,66,69,1.6,1.6
1400000US44001030200,"Census Tract 302, Bristol County, Rhode Island",3037,171,52,59,1.7,1.9
1400000US44001030300,"Census Tract 303, Bristol County, Rhode Island",4209,207,107,90,2.5,2.1
1400000US44001030400,"Census Tract 304, Bristol County, Rhode Island",3873,189,111,132,2.9,3.4
1400000US44001030500,"Census Tract 305, Bristol County, Rhode Island",3084,218,16,22,0.5,0.7
1400000US44001030601,"Census Tract 306.01, Bristol County, Rhode Island",3232,195,5,11,0.2,0.4
1400000US44001030602,"Census Tract 306.02, Bristol County, Rhode Island",3866,231,43,48,1.1,1.2
1400000US44001030700,"Census Tract 307, Bristol County, Rhode Island",3266,426,2,5,0.1,0.2
1400000US44001030800,"Census Tract 308, Bristol County, Rhode Island",6209,464,97,54,1.6,0.8
1400000US44001030901,"Census Tract 309.01, Bristol County, Rhode Island",5586,402,14,23,0.3,0.4
1400000US44001030902,"Census Tract 309.02, Bristol County, Rhode Island",6236,443,34,42,0.5,0.7
1400000US44003020101,"Census Tract 201.01, Kent County, Rhode Island",6427,423,392,237,6.1,3.7
1400000US44003020102,"Census Tract 201.02, Kent County, Rhode Island",4663,401,157,110,3.4,2.4
1400000US44003020200,"Census Tract 202, Kent County, Rhode Island",4269,355,283,159,6.6,3.9
1400000US44003020300,"Census Tract 203, Kent County, Rhode Island",5234,493,155,105,3.0,2.0
1400000US44003020400,"Census Tract 204, Kent County, Rhode Island",2798,259,18,20,0.6,0.7
1400000US44003020500,"Census Tract 205, Kent County, Rhode Island",3957,310,237,158,6.0,3.8
1400000US44003020601,"Census Tract 206.01, Kent County, Rhode Island",5852,313,144,176,2.5,3.0
1400000US44003020602,"Census Tract 206.02, Kent County, Rhode Island",3333,250,121,105,3.6,3.2
1400000US44003020603,"Census Tract 206.03, Kent County, Rhode Island",6261,341,284,151,4.5,2.5
1400000US44003020604,"Census Tract 206.04, Kent County, Rhode Island",5033,327,83,93,1.6,1.9
1400000US44003020701,"Census Tract 207.01, Kent County, Rhode Island",1721,105,16,24,0.9,1.4
1400000US44003020702,"Census Tract 207.02, Kent County, Rhode Island",4373,275,0,13,0.0,0.9
1400000US44003020703,"Census Tract 207.03, Kent County, Rhode Island",6499,396,31,42,0.5,0.6
1400000US44003020800,"Census Tract 208, Kent County, Rhode Island",6081,87,157,117,2.6,1.9
1400000US44003020901,"Census Tract 209.01, Kent County, Rhode Island",3533,211,78,99,2.2,2.8
1400000US44003020903,"Census Tract 209.03, Kent County, Rhode Island",5660,230,130,126,2.3,2.2
1400000US44003020904,"Census Tract 209.04, Kent County, Rhode Island",3166,186,54,51,1.7,1.6
1400000US44003021001,"Census Tract 210.01, Kent County, Rhode Island",2388,153,100,75,4.2,3.1
1400000US44003021002,"Census Tract 210.02, Kent County, Rhode Island",4339,273,210,183,4.8,4.2
1400000US44003021100,"Census Tract 211, Kent County, Rhode Island",4615,356,91,85,2.0,1.8
1400000US44003021200,"Census Tract 212, Kent County, Rhode Island",3143,222,96,66,3.1,2.1
1400000US44003021300,"Census Tract 213, Kent County, Rhode Island",4347,297,72,68,1.7,1.6
1400000US44003021401,"Census Tract 214.01, Kent County, Rhode Island",3746,287,37,37,1.0,1.0
1400000US44003021402,"Census Tract 214.02, Kent County, Rhode Island",3585,289,161,123,4.5,3.4
1400000US44003021501,"Census Tract 215.01, Kent County, Rhode Island",2999,239,0,13,0.0,1.2
1400000US44003021502,"Census Tract 215.02, Kent County, Rhode Island",4036,253,8,13,0.2,0.3
1400000US44003021600,"Census Tract 216, Kent County, Rhode Island",1587,89,20,21,1.3,1.3
1400000US44003021700,"Census Tract 217, Kent County, Rhode Island",4170,454,333,363,8.0,8.2
1400000US44003021800,"Census Tract 218, Kent County, Rhode Island",3864,231,204,186,5.3,4.7
1400000US44003021901,"Census Tract 219.01, Kent County, Rhode Island",2928,244,229,148,7.8,4.9
1400000US44003021902,"Census Tract 219.02, Kent County, Rhode Island",2721,240,24,45,0.9,1.6
1400000US44003021903,"Census Tract 219.03, Kent County, Rhode Island",3779,196,158,164,4.2,4.4
1400000US44003022000,"Census Tract 220, Kent County, Rhode Island",2941,234,16,19,0.5,0.6
1400000US44003022100,"Census Tract 221, Kent County, Rhode Island",5090,326,135,94,2.7,1.8
1400000US44003022201,"Census Tract 222.01, Kent County, Rhode Island",6405,322,74,78,1.2,1.2
1400000US44003022202,"Census Tract 222.02, Kent County, Rhode Island",4069,293,174,145,4.3,3.5
1400000US44003022300,"Census Tract 223, Kent County, Rhode Island",4155,321,122,127,2.9,3.1
1400000US44003022400,"Census Tract 224, Kent County, Rhode Island",2025,123,39,27,1.9,1.3
1400000US44003980000,"Census Tract 9800, Kent County, Rhode Island",0,13,0,13,,
1400000US44005040101,"Census Tract 401.01, Newport County, Rhode Island",4769,381,95,82,2.0,1.7
1400000US44005040102,"Census Tract 401.02, Newport County, Rhode Island",5545,371,138,130,2.5,2.3
1400000US44005040103,"Census Tract 401.03, Newport County, Rhode Island",6482,376,80,77,1.2,1.2
1400000US44005040200,"Census Tract 402, Newport County, Rhode Island",1150,168,62,66,5.4,6.0
1400000US44005040302,"Census Tract 403.02, Newport County, Rhode Island",2547,267,95,98,3.7,3.9
1400000US44005040303,"Census Tract 403.03, Newport County, Rhode Island",3372,279,221,128,6.6,3.7
1400000US44005040304,"Census Tract 403.04, Newport County, Rhode Island",2822,241,80,59,2.8,2.1
1400000US44005040400,"Census Tract 404, Newport County, Rhode Island",5371,390,131,97,2.4,1.8
1400000US44005040500,"Census Tract 405, Newport County, Rhode Island",4273,418,530,291,12.4,6.5
1400000US44005040600,"Census Tract 406, Newport County, Rhode Island",3800,356,131,138,3.4,3.6
1400000US44005040700,"Census Tract 407, Newport County, Rhode Island",3108,308,247,263,7.9,8.1
1400000US44005040800,"Census Tract 408, Newport County, Rhode Island",2204,207,102,109,4.6,4.8
1400000US44005040900,"Census Tract 409, Newport County, Rhode Island",4795,365,196,173,4.1,3.5
1400000US44005041000,"Census Tract 410, Newport County, Rhode Island",1757,208,32,51,1.8,2.9
1400000US44005041100,"Census Tract 411, Newport County, Rhode Island",1292,165,0,13,0.0,2.9
1400000US44005041200,"Census Tract 412, Newport County, Rhode Island",2232,142,192,93,8.6,4.2
1400000US44005041300,"Census Tract 413, Newport County, Rhode Island",5302,91,0,18,0.0,0.7
1400000US44005041400,"Census Tract 414, Newport County, Rhode Island",3470,33,6,10,0.2,0.3
1400000US44005041601,"Census Tract 416.01, Newport County, Rhode Island",3055,234,50,61,1.6,2.0
1400000US44005041602,"Census Tract 416.02, Newport County, Rhode Island",4159,240,78,101,1.9,2.4
1400000US44005041701,"Census Tract 417.01, Newport County, Rhode Island",3345,237,48,45,1.4,1.3
1400000US44005041702,"Census Tract 417.02, Newport County, Rhode Island",4369,288,0,13,0.0,0.9
1400000US44005990000,"Census Tract 9900, Newport County, Rhode Island",0,13,0,13,,
1400000US44007000101,"Census Tract 1.01, Providence County, Rhode Island",4938,571,1838,523,37.2,8.6
1400000US44007000102,"Census Tract 1.02, Providence County, Rhode Island",5037,609,2613,489,51.9,6.5
1400000US44007000200,"Census Tract 2, Providence County, Rhode Island",6269,861,4087,910,65.2,8.8
1400000US44007000300,"Census Tract 3, Providence County, Rhode Island",6582,913,4021,834,61.1,9.7
1400000US44007000400,"Census Tract 4, Providence County, Rhode Island",3895,515,2469,500,63.4,10.4
1400000US44007000500,"Census Tract 5, Providence County, Rhode Island",3039,414,2042,500,67.2,10.2
1400000US44007000600,"Census Tract 6, Providence County, Rhode Island",1622,270,643,136,39.6,8.5
1400000US44007000700,"Census Tract 7, Providence County, Rhode Island",2277,470,953,267,41.9,7.5
1400000US44007000800,"Census Tract 8, Providence County, Rhode Island",4479,319,601,168,13.4,3.5
1400000US44007000900,"Census Tract 9, Providence County, Rhode Island",2840,247,585,147,20.6,5.1
1400000US44007001000,"Census Tract 10, Providence County, Rhode Island",1981,301,936,340,47.2,11.7
1400000US44007001100,"Census Tract 11, Providence County, Rhode Island",2128,283,281,188,13.2,8.5
1400000US44007001200,"Census Tract 12, Providence County, Rhode Island",3444,360,2011,409,58.4,8.0
1400000US44007001300,"Census Tract 13, Providence County, Rhode Island",3756,473,1929,418,51.4,6.9
1400000US44007001400,"Census Tract 14, Providence County, Rhode Island",7156,866,3965,752,55.4,8.5
1400000US44007001500,"Census Tract 15, Providence County, Rhode Island",3039,394,1215,306,40.0,6.6
1400000US44007001600,"Census Tract 16, Providence County, Rhode Island",7612,1032,5520,987,72.5,7.2
1400000US44007001700,"Census Tract 17, Providence County, Rhode Island",3357,498,2215,465,66.0,7.2
1400000US44007001800,"Census Tract 18, Providence County, Rhode Island",6191,867,3040,863,49.1,9.4
1400000US44007001900,"Census Tract 19, Providence County, Rhode Island",4267,558,2326,497,54.5,10.4
1400000US44007002000,"Census Tract 20, Providence County, Rhode Island",5714,654,2408,673,42.1,9.2
1400000US44007002101,"Census Tract 21.01, Providence County, Rhode Island",2526,343,1078,324,42.7,9.1
1400000US44007002102,"Census Tract 21.02, Providence County, Rhode Island",5975,579,2797,630,46.8,8.8
1400000US44007002200,"Census Tract 22, Providence County, Rhode Island",4176,529,2593,520,62.1,7.2
1400000US44007002300,"Census Tract 23, Providence County, Rhode Island",4089,536,534,267,13.1,6.2
1400000US44007002400,"Census Tract 24, Providence County, Rhode Island",7150,612,1187,543,16.6,6.8
1400000US44007002500,"Census Tract 25, Providence County, Rhode Island",2694,379,681,286,25.3,9.1
1400000US44007002600,"Census Tract 26, Providence County, Rhode Island",2718,431,1339,466,49.3,12.6
1400000US44007002700,"Census Tract 27, Providence County, Rhode Island",5629,494,2414,417,42.9,6.1
1400000US44007002800,"Census Tract 28, Providence County, Rhode Island",5924,984,2114,779,35.7,11.2
1400000US44007002900,"Census Tract 29, Providence County, Rhode Island",6580,962,2038,793,31.0,9.4
1400000US44007003100,"Census Tract 31, Providence County, Rhode Island",3900,463,229,119,5.9,3.2
1400000US44007003200,"Census Tract 32, Providence County, Rhode Island",3111,279,373,131,12.0,4.1
1400000US44007003300,"Census Tract 33, Providence County, Rhode Island",4172,322,121,61,2.9,1.5
1400000US44007003400,"Census Tract 34, Providence County, Rhode Island",4094,381,50,69,1.2,1.6
1400000US44007003500,"Census Tract 35, Providence County, Rhode Island",4658,601,242,145,5.2,3.1
1400000US44007003601,"Census Tract 36.01, Providence County, Rhode Island",2410,290,199,91,8.3,3.4
1400000US44007003602,"Census Tract 36.02, Providence County, Rhode Island",5583,353,328,79,5.9,1.4
1400000US44007003700,"Census Tract 37, Providence County, Rhode Island",3103,341,186,140,6.0,4.4
1400000US44007010101,"Census Tract 101.01, Providence County, Rhode Island",3964,238,62,44,1.6,1.1
1400000US44007010102,"Census Tract 101.02, Providence County, Rhode Island",3487,190,65,53,1.9,1.5
1400000US44007010200,"Census Tract 102, Providence County, Rhode Island",6895,668,741,535,10.7,7.3
1400000US44007010300,"Census Tract 103, Providence County, Rhode Island",3627,314,84,83,2.3,2.3
1400000US44007010400,"Census Tract 104, Providence County, Rhode Island",5996,493,413,200,6.9,3.3
1400000US44007010501,"Census Tract 105.01, Providence County, Rhode Island",4401,280,330,159,7.5,3.5
1400000US44007010502,"Census Tract 105.02, Providence County, Rhode Island",4843,400,237,257,4.9,5.2
1400000US44007010600,"Census Tract 106, Providence County, Rhode Island",6084,382,32,39,0.5,0.6
1400000US44007010701,"Census Tract 107.01, Providence County, Rhode Island",2263,169,66,81,2.9,3.6
1400000US44007010702,"Census Tract 107.02, Providence County, Rhode Island",3727,275,56,48,1.5,1.3
1400000US44007010800,"Census Tract 108, Providence County, Rhode Island",4261,424,2182,452,51.2,8.8
1400000US44007010900,"Census Tract 109, Providence County, Rhode Island",4499,506,2024,432,45.0,8.4
1400000US44007011000,"Census Tract 110, Providence County, Rhode Island",5425,454,3625,561,66.8,6.8
1400000US44007011100,"Census Tract 111, Providence County, Rhode Island",3620,517,2131,432,58.9,6.9
1400000US44007011200,"Census Tract 112, Providence County, Rhode Island",5411,637,467,270,8.6,4.6
1400000US44007011301,"Census Tract 113.01, Providence County, Rhode Island",4656,307,409,123,8.8,2.7
1400000US44007011302,"Census Tract 113.02, Providence County, Rhode Island",3889,285,75,110,1.9,2.8
1400000US44007011401,"Census Tract 114.01, Providence County, Rhode Island",8781,395,427,313,4.9,3.5
1400000US44007011402,"Census Tract 114.02, Providence County, Rhode Island",3786,248,0,13,0.0,1.0
1400000US44007011403,"Census Tract 114.03, Providence County, Rhode Island",6721,417,369,244,5.5,3.6
1400000US44007011500,"Census Tract 115, Providence County, Rhode Island",6125,504,186,200,3.0,3.2
1400000US44007011600,"Census Tract 116, Providence County, Rhode Island",6006,339,139,100,2.3,1.6
1400000US44007011701,"Census Tract 117.01, Providence County, Rhode Island",4491,379,339,220,7.5,4.7
1400000US44007011702,"Census Tract 117.02, Providence County, Rhode Island",3925,305,143,103,3.6,2.6
1400000US44007011800,"Census Tract 118, Providence County, Rhode Island",6713,402,956,485,14.2,7.3
1400000US44007011901,"Census Tract 119.01, Providence County, Rhode Island",3255,293,337,215,10.4,6.2
1400000US44007011902,"Census Tract 119.02, Providence County, Rhode Island",4353,401,86,86,2.0,2.0
1400000US44007012000,"Census Tract 120, Providence County, Rhode Island",5549,419,261,211,4.7,3.8
1400000US44007012102,"Census Tract 121.02, Providence County, Rhode Island",4043,337,587,238,14.5,5.5
1400000US44007012103,"Census Tract 121.03, Providence County, Rhode Island",2593,309,191,252,7.4,9.5
1400000US44007012104,"Census Tract 121.04, Providence County, Rhode Island",4338,384,255,215,5.9,5.1
1400000US44007012200,"Census Tract 122, Providence County, Rhode Island",7121,598,197,189,2.8,2.6
1400000US44007012300,"Census Tract 123, Providence County, Rhode Island",6675,489,468,258,7.0,3.8
1400000US44007012401,"Census Tract 124.01, Providence County, Rhode Island",6931,497,1028,323,14.8,4.4
1400000US44007012402,"Census Tract 124.02, Providence County, Rhode Island",2462,336,132,123,5.4,4.9
1400000US44007012500,"Census Tract 125, Providence County, Rhode Island",4705,576,448,396,9.5,7.9
1400000US44007012601,"Census Tract 126.01, Providence County, Rhode Island",4308,339,179,72,4.2,1.7
1400000US44007012602,"Census Tract 126.02, Providence County, Rhode Island",7221,370,94,66,1.3,0.9
1400000US44007012701,"Census Tract 127.01, Providence County, Rhode Island",4656,401,168,161,3.6,3.4
1400000US44007012702,"Census Tract 127.02, Providence County, Rhode Island",4643,255,108,81,2.3,1.7
1400000US44007012801,"Census Tract 128.01, Providence County, Rhode Island",5331,314,146,155,2.7,2.9
1400000US44007012802,"Census Tract 128.02, Providence County, Rhode Island",2163,171,60,45,2.8,2.1
1400000US44007012803,"Census Tract 128.03, Providence County, Rhode Island",4401,248,58,38,1.3,0.8
1400000US44007012900,"Census Tract 129, Providence County, Rhode Island",4652,417,137,161,2.9,3.4
1400000US44007013001,"Census Tract 130.01, Providence County, Rhode Island",3295,264,70,101,2.1,3.0
1400000US44007013002,"Census Tract 130.02, Providence County, Rhode Island",7668,406,41,49,0.5,0.6
1400000US44007013101,"Census Tract 131.01, Providence County, Rhode Island",4628,301,27,32,0.6,0.7
1400000US44007013102,"Census Tract 131.02, Providence County, Rhode Island",4907,317,98,100,2.0,2.0
1400000US44007013201,"Census Tract 132.01, Providence County, Rhode Island",4771,257,48,68,1.0,1.4
1400000US44007013202,"Census Tract 132.02, Providence County, Rhode Island",5621,270,323,264,5.7,4.7
1400000US44007013300,"Census Tract 133, Providence County, Rhode Island",4440,111,12,18,0.3,0.4
1400000US44007013400,"Census Tract 134, Providence County, Rhode Island",3842,266,334,192,8.7,4.9
1400000US44007013500,"Census Tract 135, Providence County, Rhode Island",4456,397,707,226,15.9,4.8
1400000US44007013600,"Census Tract 136, Providence County, Rhode Island",2546,338,269,113,10.6,4.2
1400000US44007013701,"Census Tract 137.01, Providence County, Rhode Island",4060,335,905,255,22.3,5.9
1400000US44007013702,"Census Tract 137.02, Providence County, Rhode Island",2832,383,464,198,16.4,6.6
1400000US44007013800,"Census Tract 138, Providence County, Rhode Island",4836,443,393,219,8.1,4.4
1400000US44007013900,"Census Tract 139, Providence County, Rhode Island",2805,226,37,38,1.3,1.3
1400000US44007014000,"Census Tract 140, Providence County, Rhode Island",5834,400,696,203,11.9,3.3
1400000US44007014100,"Census Tract 141, Providence County, Rhode Island",4587,569,1486,430,32.4,7.7
1400000US44007014200,"Census Tract 142, Providence County, Rhode Island",5054,263,835,159,16.5,2.9
1400000US44007014300,"Census Tract 143, Providence County, Rhode Island",4755,363,124,108,2.6,2.2
1400000US44007014400,"Census Tract 144, Providence County, Rhode Island",3457,219,203,147,5.9,4.1
1400000US44007014501,"Census Tract 145.01, Providence County, Rhode Island",4891,268,116,86,2.4,1.7
1400000US44007014502,"Census Tract 145.02, Providence County, Rhode Island",3880,440,116,117,3.0,3.0
1400000US44007014600,"Census Tract 146, Providence County, Rhode Island",6288,437,67,53,1.1,0.8
1400000US44007014700,"Census Tract 147, Providence County, Rhode Island",7029,783,1974,465,28.1,6.0
1400000US44007014800,"Census Tract 148, Providence County, Rhode Island",5567,377,219,197,3.9,3.5
1400000US44007015000,"Census Tract 150, Providence County, Rhode Island",4328,365,793,203,18.3,4.4
1400000US44007015100,"Census Tract 151, Providence County, Rhode Island",4446,532,1478,455,33.2,8.0
1400000US44007015200,"Census Tract 152, Providence County, Rhode Island",2937,362,1363,321,46.4,8.4
1400000US44007015300,"Census Tract 153, Providence County, Rhode Island",2103,251,649,177,30.9,6.8
1400000US44007015400,"Census Tract 154, Providence County, Rhode Island",2184,239,850,236,38.9,8.7
1400000US44007015500,"Census Tract 155, Providence County, Rhode Island",3899,465,779,241,20.0,6.0
1400000US44007015600,"Census Tract 156, Providence County, Rhode Island",2058,231,249,109,12.1,5.0
1400000US44007015700,"Census Tract 157, Providence County, Rhode Island",3020,267,184,160,6.1,5.0
1400000US44007015800,"Census Tract 158, Providence County, Rhode Island",3194,291,153,139,4.8,4.2
1400000US44007015900,"Census Tract 159, Providence County, Rhode Island",3406,389,310,193,9.1,5.9
1400000US44007016000,"Census Tract 160, Providence County, Rhode Island",3183,460,1098,663,34.5,17.4
1400000US44007016100,"Census Tract 161, Providence County, Rhode Island",4357,368,881,297,20.2,6.5
1400000US44007016300,"Census Tract 163, Providence County, Rhode Island",2839,347,445,149,15.7,4.3
1400000US44007016400,"Census Tract 164, Providence County, Rhode Island",3909,505,657,288,16.8,7.1
1400000US44007016500,"Census Tract 165, Providence County, Rhode Island",3630,312,304,304,8.4,8.1
1400000US44007016600,"Census Tract 166, Providence County, Rhode Island",1796,182,312,119,17.4,6.6
1400000US44007016700,"Census Tract 167, Providence County, Rhode Island",3447,466,846,328,24.5,8.4
1400000US44007016800,"Census Tract 168, Providence County, Rhode Island",2862,280,390,123,13.6,4.5
1400000US44007016900,"Census Tract 169, Providence County, Rhode Island",1603,125,125,87,7.8,5.3
1400000US44007017000,"Census Tract 170, Providence County, Rhode Island",4115,270,527,281,12.8,6.8
1400000US44007017100,"Census Tract 171, Providence County, Rhode Island",4253,500,1464,485,34.4,10.0
1400000US44007017300,"Census Tract 173, Providence County, Rhode Island",2887,325,219,165,7.6,5.7
1400000US44007017400,"Census Tract 174, Providence County, Rhode Island",4003,368,1205,235,30.1,5.1
1400000US44007017500,"Census Tract 175, Providence County, Rhode Island",2671,335,180,123,6.7,4.7
1400000US44007017600,"Census Tract 176, Providence County, Rhode Island",2604,318,584,252,22.4,9.5
1400000US44007017700,"Census Tract 177, Providence County, Rhode Island",3525,248,115,76,3.3,2.1
1400000US44007017800,"Census Tract 178, Providence County, Rhode Island",2006,236,172,132,8.6,6.3
1400000US44007017900,"Census Tract 179, Providence County, Rhode Island",2977,414,240,135,8.1,4.5
1400000US44007018000,"Census Tract 180, Providence County, Rhode Island",2720,435,631,458,23.2,14.5
1400000US44007018100,"Census Tract 181, Providence County, Rhode Island",2359,416,441,245,18.7,9.7
1400000US44007018200,"Census Tract 182, Providence County, Rhode Island",2841,369,238,203,8.4,6.8
1400000US44007018300,"Census Tract 183, Providence County, Rhode Island",1589,208,224,106,14.1,6.3
1400000US44007018400,"Census Tract 184, Providence County, Rhode Island",5813,432,1043,366,17.9,6.3
1400000US44007018500,"Census Tract 185, Providence County, Rhode Island",2683,294,60,67,2.2,2.4
1400000US44009041500,"Census Tract 415, Washington County, Rhode Island",898,157,0,13,0.0,4.1
1400000US44009050102,"Census Tract 501.02, Washington County, Rhode Island",2061,183,43,59,2.1,2.9
1400000US44009050103,"Census Tract 501.03, Washington County, Rhode Island",5401,402,289,130,5.4,2.3
1400000US44009050104,"Census Tract 501.04, Washington County, Rhode Island",3531,254,0,13,0.0,1.1
1400000US44009050301,"Census Tract 503.01, Washington County, Rhode Island",4232,266,73,61,1.7,1.4
1400000US44009050302,"Census Tract 503.02, Washington County, Rhode Island",2605,290,119,104,4.6,3.8
1400000US44009050401,"Census Tract 504.01, Washington County, Rhode Island",4479,244,47,51,1.0,1.1
1400000US44009050402,"Census Tract 504.02, Washington County, Rhode Island",2588,201,52,58,2.0,2.3
1400000US44009050500,"Census Tract 505, Washington County, Rhode Island",6582,171,70,88,1.1,1.3
1400000US44009050600,"Census Tract 506, Washington County, Rhode Island",7358,127,87,81,1.2,1.1
1400000US44009050700,"Census Tract 507, Washington County, Rhode Island",7780,159,31,50,0.4,0.6
1400000US44009050801,"Census Tract 508.01, Washington County, Rhode Island",5533,489,200,190,3.6,3.4
1400000US44009050802,"Census Tract 508.02, Washington County, Rhode Island",3950,355,83,108,2.1,2.7
1400000US44009050901,"Census Tract 509.01, Washington County, Rhode Island",5607,410,68,77,1.2,1.4
1400000US44009050902,"Census Tract 509.02, Washington County, Rhode Island",4948,381,22,34,0.4,0.7
1400000US44009051000,"Census Tract 510, Washington County, Rhode Island",1636,197,10,10,0.6,0.6
1400000US44009051101,"Census Tract 511.01, Washington County, Rhode Island",4535,237,51,84,1.1,1.8
1400000US44009051102,"Census Tract 511.02, Washington County, Rhode Island",3005,209,31,37,1.0,1.2
1400000US44009051201,"Census Tract 512.01, Washington County, Rhode Island",4486,362,55,46,1.2,1.0
1400000US44009051202,"Census Tract 512.02, Washington County, Rhode Island",4950,431,80,59,1.6,1.2
1400000US44009051302,"Census Tract 513.02, Washington County, Rhode Island",3602,348,12,19,0.3,0.5
1400000US44009051304,"Census Tract 513.04, Washington County, Rhode Island",1877,135,45,43,2.4,2.3
1400000US44009051305,"Census Tract 513.05, Washington County, Rhode Island",3688,222,13,16,0.4,0.4
1400000US44009051306,"Census Tract 513.06, Washington County, Rhode Island",5732,362,235,240,4.1,4.1
1400000US44009051400,"Census Tract 514, Washington County, Rhode Island",5340,306,356,133,6.7,2.4
1400000US44009051502,"Census Tract 515.02, Washington County, Rhode Island",7250,750,14,23,0.2,0.3
1400000US44009051503,"Census Tract 515.03, Washington County, Rhode Island",3715,546,103,107,2.8,2.8
1400000US44009051504,"Census Tract 515.04, Washington County, Rhode Island",4020,415,49,64,1.2,1.6
1400000US44009990100,"Census Tract 9901, Washington County, Rhode Island",0,13,0,13,,
1400000US44009990200,"Census Tract 9902, Washington County, Rhode Island",0,13,0,13,,
