﻿<?xml version="1.0"?>
<?xml-stylesheet href='NBII_classic.xsl' type='text/xsl'?>
<metadata>
    <idinfo>
    <citation>
      <citeinfo>
        <origin>Amy Kennedy</origin>
        <origin>Alexandre Zerbini</origin>
        <origin>Phillip Clapham</origin>
        <pubdate>2015</pubdate>
        <title>AFSC/NMML Location-only satellite telemetry data for North Pacific Humpback Whales in the Bering Sea, 2007 - 2011</title>
        <geoform>spreadsheet</geoform>
       </citeinfo>
    </citation>
    <descript>
      <abstract>This dataset contains ARGOS location data (latitude and longitude in decimal format) and associated time (date and time) 
          and location quality (as defined by Argos System, www.argos-system.org) information. Data were collected using Wildlife Computers 
          PTT-only SPOT 5 satellite transmitters and PTT identification is also provided with the data. Satellite transmitters were deployed 
          on North Pacific humpback whales (Megaptera novaeangliae) in the eastern Bering Sea.</abstract>
      <purpose>These data were collected to monitor North Pacific humpback whales (Megaptera novaeangliae) using satellite telemetry.</purpose>
    </descript>
    <timeperd>
      <timeinfo>
        <rngdates>
          <begdate>200708</begdate>
          <enddate>201110</enddate>
        </rngdates>
      </timeinfo>
      <current>observed</current>
    </timeperd>
    <status>
      <progress>Complete</progress>
      <update>As needed</update>
    </status>
    <spdom>
      <descgeog>Northern and Eastern Bering Sea Continental Shelf, Slope and Basin</descgeog>
      <bounding>
        <westbc>169</westbc>
        <eastbc>-165.2</eastbc>
        <northbc>65</northbc>
        <southbc>52.4</southbc>
      </bounding>
    </spdom>
    <keywords>
      <theme>
    <themekt>ISO19115</themekt>
    <themekey>Biota</themekey>
    <themekey>Oceans</themekey>
   </theme>
      <theme>
        <themekt>None</themekt>
        <themekey>Satellite Telemetry</themekey>
      </theme>
      <place>
        <placekt>None</placekt>
        <placekey>Northern and Eastern Bering Continental Shelf, Slope and Basin</placekey>
      </place>
      <temporal>
        <tempkt>none</tempkt>
        <tempkey>summer 2008</tempkey>
        <tempkey>spring 2011</tempkey>
      </temporal>
    </keywords>
    <taxonomy>
      <keywtax>
        <taxonkt>None</taxonkt>
        <taxonkey>mammals</taxonkey>
      </keywtax>
      <taxonsys>
        <classsys>
          <classcit>
            <citeinfo>
              <origin>Perrin, W.F., Wuersig, B and Thewissen, J.G.M. </origin>
              <pubdate>2008</pubdate>
              <title>Encyclopedia of Marine Mammals</title>
              <edition>2nd </edition>
              <geoform>book chapter</geoform>
              <serinfo>
                <sername>none</sername>
                <issue>none</issue>
              </serinfo>
              <pubinfo>
                <pubplace>San Diego</pubplace>
                <publish>Academic Press</publish>
              </pubinfo>
              <othercit>1352pp</othercit>
            </citeinfo>
          </classcit>
        </classsys>
        <taxonpro>Species was identified based on external morphological patterns and geographic distribution. Biopsy samples were also collected for further confirmation of species identity.</taxonpro>
        <taxoncom>All individuals were identified to species level</taxoncom>
      </taxonsys>
      <taxongen>The target species has been identified to species.</taxongen>
      <taxoncl>
        <taxonrn>Kingdom</taxonrn>
        <taxonrv>Animalia</taxonrv>
        <common>animals</common>
        <taxoncl>
          <taxonrn>Phylum</taxonrn>
          <taxonrv>Chordata</taxonrv>
          <taxoncl>
            <taxonrn>Class</taxonrn>
            <taxonrv>Mammalia</taxonrv>
            <common>mammals</common>
            <taxoncl>
              <taxonrn>Order</taxonrn>
              <taxonrv>Cetartiodactyla</taxonrv>
              <common>cetaceans</common>
              <taxoncl>
                <taxonrn>Suborder</taxonrn>
                <taxonrv>Mysticeti</taxonrv>
                <common>baleen whales</common>
                <taxoncl>
                  <taxonrn>Family</taxonrn>
                  <taxonrv>Balaenopteridae</taxonrv>
                  <common>rorqual whales</common>
                  <taxoncl>
                    <taxonrn>Genus</taxonrn>
                    <taxonrv>Megaptera</taxonrv>
                    <common>humpback whales</common>
                    <taxoncl>
                      <taxonrn>Species</taxonrn>
                      <taxonrv>Megaptera novaeangliae</taxonrv>
                      <common>Humpback whale</common>
                    </taxoncl>
                  </taxoncl>
                </taxoncl>
              </taxoncl>
            </taxoncl>
          </taxoncl>
        </taxoncl>
      </taxoncl>
    </taxonomy>
    <accconst>There are no legal restrictions on access to the data. They reside in public domain and can be freely distributed.</accconst>
  <useconst>User must read and fully comprehend the metadata prior to use.  Applications or inferences derived from the data should be carefully considered for accuracy.  Acknowledgement
of NOAA/NMFS/AFSC as the source from which these data were obtained in any publications and/or other representations of these data is suggested.</useconst>
    <ptcontac>
      <cntinfo>
        <cntperp>
          <cntper>Amy Kennedy</cntper>
          <cntorg>National Marine Mammal Laboratory, AFSC/NOAA Fisheries</cntorg>
        </cntperp>
        <cntaddr>
          <addrtype>mailing and physical</addrtype>
          <address>7600 Sand Point Way NE</address>
          <city>Seattle</city>
          <state>Washington</state>
          <postal>98115</postal>
          <country>USA</country>
        </cntaddr>
        <cntvoice>+1 206 526-4511</cntvoice>
        <cntemail>Amy.Kennedy@noaa.gov</cntemail>
      </cntinfo>
    </ptcontac>
    <datacred>Funding for this study was provided by the Bureau of Ocean and Energy Management (former United States Minerals Management Service).</datacred>
    </idinfo>
 <tool>
      <tooldesc>Argos Filter - a filter created to remove the noise produced Argos locations by removing data points implying unrealistic movement rates using information from swimming speed, distance between successive locations, and turning angles.</tooldesc>
      <toolacc>
        <onlink>http://cran.r-project.org</onlink>
        <toolinst>1) download package, argosfilter, from CRAN  project URL. 2) Install it in R using the GUI menu</toolinst>
      </toolacc>
      <toolcite>
        <citeinfo>
          <origin>Carla Freitas</origin>
          <origin>Christian Lydersen</origin>
          <origin>Michael A. Fedak</origin>
          <origin>Kit M. Kovacs</origin>
          <pubdate>200804</pubdate>
          <title>A simple new algorithm to filter marine mammal Argos location data</title>
          <geoform>journal article</geoform>
          <serinfo>
            <sername>Marine Mammal Science</sername>
            <issue>24 (3) </issue>
          </serinfo>
          <othercit>pp. 315-325</othercit>
          <onlink>DOI: 10.1111/j.1748-7692.2007.00180.x</onlink>
          <onlink>Online ISSN: 1748-7692</onlink>
        </citeinfo>
      </toolcite>
    </tool>
 <dataqual>
    <attracc>
      <attraccr>Attribute accuracy is provided in the Location Quality (LQ) field. The current dataset has 6 LQ levels. Tagging is the GPS location where a satelitte transmitter was deployed and has GPS precision. The accuracy of remaining LQ levels are as defined by Argos Service and are classified in different classes of decreasing accuracy in the following order: 3, 2, 1, 0, A, B, and Z. LQs 3, 2, 1, and 0 have estimated accuracies of 150, 350, 1,000, and greater than;1,000 m. LQs A, B, and Z have no estimated location accuracy. LC Z are points for which the location process failed and were not included in the present dataset.</attraccr>
    </attracc>
    <logic>not provided</logic>
    <complete>LQ Z and LQ removed by the argosfilter package were removed from the data. No duplicate features are present in the dataset</complete>
    <lineage>
      <method>
        <methtype>Lab</methtype>
        <methdesc>Transmitters were duty-cycled to optimize data collection in the feeding grounds (for habitat use studies) and for 
            maximizing tag longevity. Tags were programmed to transmit every day for 6 hours during daytime and 6 hours
            during night time for the months of August and September. This sampling design was expected to provide extensive
            data while the whales are on their feeding grounds. Beginning in October, when migration likely begins, transmitters were 
            programmed to transmit every other day, following the same alternate 6hr on/off periods. 
            Satellite tags were monitored by Argos Data Collection and Location Service receivers on NOAA TIROS-N weather satellites
            in sun-synchronous polar orbits (Argos, 1990). Locations were calculated by Argos from Doppler-shift data when multiple 
            messages were received during a satellite’s passage overhead. Argos codes locations in quality classes (LQ) labeled B, A,
            0, 1, 2, 3, in order of increasing accuracy.  
            The SDA Argos filter (Freitas et al., 2008) was applied to all location qualities in software R in order to remove locations 
            that implied unlikely deviations from the track’s path as well as unrealistic travel rates. This filter requires two main 
            parameters: turning angles and maximum speed of travel. The default value of turning angles (Freitas et al., 2008) was
            used and the maximum speed was assumed to be 15km/h. Exploratory analysis showed that the use
            of different maximum speed limits (12 and 18km/h) did not influence the results. Distances between filtered locations
            were calculated assuming a great circle route. Freitas, C.; Lydersen, C.; Fedak, M.A. and Kovacs, K.M. 2008.
            A simple new algorithm to filter marine mammal Argos locations. Marine Mammal Science 24(3): 315–325.</methdesc>
      </method>
      <srcinfo>
        <srccite>
          <citeinfo>
            <origin>Argos</origin>
            <pubdate>1990</pubdate>
            <title>Argos users manual</title>
            <geoform>document</geoform>
            <serinfo>
              <sername>Instruction Manual for Argos</sername>
              <issue>none</issue>
            </serinfo>
            <pubinfo>
              <pubplace>Landover, MD, USA</pubplace>
              <publish>Service Argos, Inc</publish>
            </pubinfo>
          </citeinfo>
        </srccite>
        <typesrc>digital database file</typesrc>
        <srctime>
          <timeinfo>
            <rngdates>
              <begdate>20080701</begdate>
              <enddate>20111009</enddate>
            </rngdates>
          </timeinfo>
          <srccurr>observed</srccurr>
        </srctime>
        <srccitea>ARGOS</srccitea>
        <srccontr>Argos System</srccontr>
      </srcinfo>
      <procstep>
        <procdesc>Satellite transmitters were attached to the body of North Pacific humpback whales using a pneumatic delivery system. Whales
            were tagged with the implantable configuration of the SPOT 5 transmitters produced by Wildlife Computers (Redmond, WA). 
            Transmitters were duty-cycled to optimize data collection in the feeding grounds and for maximizing tag longevity. Tags were
            programmed to transmit every day for 6 hours during daytime and 6 hours during night time for the
            months of August and September. Beginning in October, when migration likely begins, transmitters were programmed to transmit 
            every other day, following the same alternate 6hr on/off periods. 
            Satellite tags were monitored by Argos Data Collection and Location Service receivers on NOAA TIROS-N weather satellites in 
            sun-synchronous polar orbits. Locations were calculated by Argos from Doppler-shift data when multiple messages were received 
            during a satellite’s passage overhead. Argos codes locations in quality classes (LQ) labeled B, A, 0, 1, 2, 3, in order of increasing accuracy.  
            Argos locations were processed using the software R. The SDA Argos filter (Freitas et al., 2008) was applied to all location 
            qualities in software R in order to remove locations that implied unlikely deviations from the track’s path as well as unrealistic
            travel rates. This filter requires two main parameters: turning angles and maximum speed of travel. The default value of
            turning angles (Freitas et al., 2008) was used and the maximum speed was assumed to be 18km/h.
            Distances between filtered locations were calculated assuming a great circle route.  Methods are described in the published manuscript: Kennedy AS, Zerbini AN, Rone BK, Clapham PJ (2014) Individual variation in movements of satellite-tracked humpback whales Megaptera novaeangliae in the eastern Aleutian Islands and Bering Sea. Endang Species Res 23:187-195</procdesc>
        <procdate>2014</procdate>
      </procstep>
    </lineage>
  </dataqual>
<spdoinfo>
    <indspref>Northern and Eastern Bering Sea Continental Shelf, Slope and Basin</indspref>
    <direct>Point</direct>
  </spdoinfo>
 <eainfo>
    <detailed>
      <enttyp>
          <enttypl>21809-07.csv</enttypl>
        <enttypd>There are 8 files with the same attributes.  They are each named with the ptt number and year as is shown above.</enttypd>
        <enttypds>Producer defined</enttypds>
      </enttyp>
      <attr>
        <attrlabl>lon1</attrlabl>
        <attrdef>longitude in decimal degrees</attrdef>
        <attrdefs>Producer defined</attrdefs>
        <attrdomv>
          <rdom>
            <attrunit>decimal degrees</attrunit>
          </rdom>
        </attrdomv>
        <attrmfrq>Irregular</attrmfrq>
      </attr>
      <attr>
        <attrlabl>lat1</attrlabl>
        <attrdef>latitude in decimal degrees</attrdef>
        <attrdefs>Producer defined</attrdefs>
        <attrdomv>
          <rdom>
            <attrunit>decimal degrees</attrunit>
          </rdom>
        </attrdomv>
        <attrmfrq>Irregular</attrmfrq>
      </attr>
      <attr>
        <attrlabl>gmt</attrlabl>
        <attrdef>date and time in gmt</attrdef>
        <attrdefs>Producer defined</attrdefs>
        <attrdomv>
          <rdom>
           <attrunit>time</attrunit>
          </rdom>
        </attrdomv>
        <attrmfrq>Irregular</attrmfrq>
      </attr>
      <attr>
        <attrlabl>id</attrlabl>
        <attrdef>satellite tag identity number</attrdef>
        <attrdefs>Producer defined</attrdefs>
      </attr>
      <attr>
        <attrlabl>lq</attrlabl>
        <attrdef>Argos location quality</attrdef>
        <attrdefs>Producer defined</attrdefs>
        <attrdomv>
            <udom>tagging, 3, 2, 1, 0, A, B</udom>
        </attrdomv>
      </attr>
    </detailed>
    <overview>
      <eaover>The dataset contains location data (latitude and longitude) of North Pacific humpback whales satellite tagged
          in the Southeastern Bering Sea Continental Shelf between 2007 and 2011. The data contains five columns labeled lon1,
          lat1, gmt, ptt.id, lq. Details of the column contents are described under Detailed Descriptions of the metadata.  There are 8 data files whose names are made up of the ptt nubmer and year</eaover>
      <eadetcit>Metadata Detailed Descriptions</eadetcit>
    </overview>
  </eainfo>
<distinfo>
    <distrib>
      <cntinfo>
        <cntperp>
          <cntper>Amy Kennedy</cntper>
          <cntorg>National Marine Mammal Laboratory, AFSC/NOAA Fisheries</cntorg>
        </cntperp>
        <cntaddr>
          <addrtype>mailing and physical</addrtype>
          <address>7600 Sand Point Way NE</address>
          <city>Seattle</city>
          <state>Washington</state>
          <postal>98115</postal>
          <country>USA</country>
        </cntaddr>
        <cntvoice>+1 206 5264511</cntvoice>
      </cntinfo>
    </distrib>
    <resdesc>North Pacific Humpback Whale 2007-2011 telemetry data</resdesc>
    <distliab>Care should be taken to understand the elements in the metadata record and the distributor shall not be held liable for improper or incorrect use of the data. If assistance is needed, contact the distributor.</distliab>
    <techpreq>Experience analysing telemetry data</techpreq>
</distinfo>
<cntinfo>
<cntorgp>
<cntorg>National Oceanic and Atmospheric Administration (NOAA) Alaska Fisheries Science Center (AFSC) National Marine Mammal Laboratory (NMML)
</cntorg>
<cntper>Amy Kennedy
</cntper>
</cntorgp>
<cntaddr>
<addrtype>mailing and physical
</addrtype>
<address>7600 Sand Point Way N.E., Bldg. 4
</address>
<city>Seattle
</city>
<state>WA
</state>
<postal>98115
</postal>
<country>USA
</country>
</cntaddr>
<cntvoice>not available
</cntvoice>
<cntemail>Amy.Kennedy@noaa.gov
</cntemail>
</cntinfo>
<metainfo>
  <metd>20150715</metd>
  <metc>
   <cntinfo>
    <cntorgp>
     <cntorg>National Oceanic and Atmospheric Administration (NOAA) Alaska Fisheries Science Center (AFSC) National Marine Mammal Laboratory (NMML)</cntorg>
    </cntorgp>
    <cntaddr>
     <addrtype>mailing and physical</addrtype>
     <address>7600 Sand Point Way N.E., Bldg. 4</address>
     <city>Seattle</city>
     <state>WA</state>
     <postal>98115</postal>
     <country>USA</country>
    </cntaddr>
    <cntvoice>not available</cntvoice>
    <cntemail>AFSC.metadata@noaa.gov</cntemail>
   </cntinfo>
  </metc>
  <metstdn>FGDC Biological Data Profile of the Content Standard for Digital Geospatial Metadata </metstdn>
  <metstdv>FGDC-STD-001.1-1999</metstdv>
 </metainfo>
</metadata>
  
