<?xml version="1.0" encoding="UTF-8"?>
<gmi:MI_Metadata xmlns:gmi="http://www.isotc211.org/2005/gmi" xmlns:gco="http://www.isotc211.org/2005/gco" xmlns:gmd="http://www.isotc211.org/2005/gmd" xmlns:gml="http://www.opengis.net/gml/3.2" xmlns:gmx="http://www.isotc211.org/2005/gmx" xmlns:gsr="http://www.isotc211.org/2005/gsr" xmlns:gss="http://www.isotc211.org/2005/gss" xmlns:gts="http://www.isotc211.org/2005/gts" xmlns:srv="http://www.isotc211.org/2005/srv" xmlns:xlink="http://www.w3.org/1999/xlink" xmlns:xsi="http://www.w3.org/2001/XMLSchema-instance" xsi:schemaLocation="http://www.isotc211.org/2005/gmi http://www.ngdc.noaa.gov/metadata/published/xsd/schema.xsd">
  <gmd:fileIdentifier>
    <gco:CharacterString>UDRC0M</gco:CharacterString>
  </gmd:fileIdentifier>
  <gmd:language>
    <gco:CharacterString>eng; USA</gco:CharacterString>
  </gmd:language>
  <gmd:characterSet>
    <gmd:MD_CharacterSetCode codeList="http://www.isotc211.org/2005/resources/Codelist/gmxCodelists.xml#MD_CharacterSetCode" codeListValue="utf8">utf8</gmd:MD_CharacterSetCode>
  </gmd:characterSet>
  <gmd:hierarchyLevel>
    <gmd:MD_ScopeCode codeList="http://www.isotc211.org/2005/resources/Codelist/gmxCodelists.xml" codeListValue="dataset">dataset</gmd:MD_ScopeCode>
  </gmd:hierarchyLevel>
  <gmd:hierarchyLevelName>
    <gco:CharacterString>dataset</gco:CharacterString>
  </gmd:hierarchyLevelName>
  <gmd:contact>
    <gmd:CI_ResponsibleParty>
      <gmd:individualName>
        <gco:CharacterString>Janice Waite</gco:CharacterString>
      </gmd:individualName>
      <gmd:organisationName>
        <gmx:Anchor/>
      </gmd:organisationName>
      <gmd:contactInfo>
        <gmd:CI_Contact>
          <gmd:phone>
            <gmd:CI_Telephone>
              <gmd:voice>
                <gco:CharacterString>206-526-6554</gco:CharacterString>
              </gmd:voice>
              <gmd:facsimile>
                <gco:CharacterString/>
              </gmd:facsimile>
            </gmd:CI_Telephone>
          </gmd:phone>
          <gmd:address>
            <gmd:CI_Address>
              <gmd:deliveryPoint>
                <gco:CharacterString>7600 Sand Point Way NE</gco:CharacterString>
              </gmd:deliveryPoint>
              <gmd:deliveryPoint>
                <gco:CharacterString/>
              </gmd:deliveryPoint>
              <gmd:city>
                <gco:CharacterString>Seattle</gco:CharacterString>
              </gmd:city>
              <gmd:administrativeArea>
                <gco:CharacterString/>
              </gmd:administrativeArea>
              <gmd:postalCode>
                <gco:CharacterString>98115</gco:CharacterString>
              </gmd:postalCode>
              <gmd:country>
                <gmx:Anchor xlink:href="http://www.nodc.noaa.gov/cgi-bin/OAS/prd/country/details/273" xlink:actuate="onRequest">United States</gmx:Anchor>
              </gmd:country>
            </gmd:CI_Address>
          </gmd:address>
        </gmd:CI_Contact>
      </gmd:contactInfo>
      <gmd:role>
        <gmd:CI_RoleCode codeList="http://www.ngdc.noaa.gov/metadata/published/xsd/schema/resources/Codelist/gmxCodelists.xml#CI_RoleCode" codeListValue="resourceProvider">resourceProvider</gmd:CI_RoleCode>
      </gmd:role>
    </gmd:CI_ResponsibleParty>
  </gmd:contact>
  <gmd:dateStamp>
    <gco:Date>2015-12-07</gco:Date>
  </gmd:dateStamp>
  <gmd:metadataStandardName>
    <gco:CharacterString>ISO 19115-2 Geographic Information - Metadata - Part 2: Extensions for Imagery and Gridded Data</gco:CharacterString>
  </gmd:metadataStandardName>
  <gmd:metadataStandardVersion>
    <gco:CharacterString>ISO 19115-2:2009(E)</gco:CharacterString>
  </gmd:metadataStandardVersion>
  <gmd:identificationInfo>
    <gmd:MD_DataIdentification>
      <gmd:citation>
        <gmd:CI_Citation>
          <gmd:title>
            <gco:CharacterString>AFSC/NMML Location-only satellite telemetry data for North Pacific Humpback Whales in the Bering Sea, 2007 - 2011</gco:CharacterString>
          </gmd:title>
          <gmd:date gco:nilReason="unknown"/>
          <gmd:citedResponsibleParty>
            <gmd:CI_ResponsibleParty>
              <gmd:individualName>
                <gco:CharacterString>Amy Kennedy</gco:CharacterString>
              </gmd:individualName>
              <gmd:organisationName>
                <gmx:Anchor/>
              </gmd:organisationName>
              <gmd:contactInfo>
                <gmd:CI_Contact>
                  <gmd:address>
                    <gmd:CI_Address>
                      <gmd:electronicMailAddress>
                        <gco:CharacterString/>
                      </gmd:electronicMailAddress>
                    </gmd:CI_Address>
                  </gmd:address>
                </gmd:CI_Contact>
              </gmd:contactInfo>
              <gmd:role>
                <gmd:CI_RoleCode codeList="http://www.ngdc.noaa.gov/metadata/published/xsd/schema/resources/Codelist/gmxCodelists.xml#CI_RoleCode" codeListValue="principalInvestigator">principalInvestigator</gmd:CI_RoleCode>
              </gmd:role>
            </gmd:CI_ResponsibleParty>
          </gmd:citedResponsibleParty>
          <gmd:citedResponsibleParty>
            <gmd:CI_ResponsibleParty>
              <gmd:individualName>
                <gco:CharacterString>Alexandre Zerbini</gco:CharacterString>
              </gmd:individualName>
              <gmd:organisationName>
                <gmx:Anchor/>
              </gmd:organisationName>
              <gmd:contactInfo>
                <gmd:CI_Contact>
                  <gmd:address>
                    <gmd:CI_Address>
                      <gmd:electronicMailAddress>
                        <gco:CharacterString/>
                      </gmd:electronicMailAddress>
                    </gmd:CI_Address>
                  </gmd:address>
                </gmd:CI_Contact>
              </gmd:contactInfo>
              <gmd:role>
                <gmd:CI_RoleCode codeList="http://www.ngdc.noaa.gov/metadata/published/xsd/schema/resources/Codelist/gmxCodelists.xml#CI_RoleCode" codeListValue="collaborator">collaborator</gmd:CI_RoleCode>
              </gmd:role>
            </gmd:CI_ResponsibleParty>
          </gmd:citedResponsibleParty>
        </gmd:CI_Citation>
      </gmd:citation>
      <gmd:abstract>
        <gco:CharacterString>This dataset contains ARGOS location data (latitude and longitude in decimal format) and associated time (date and time) and location quality (as defined by Argos System, www.argos-system.org) information. Data were collected using Wildlife Computers PTT-only SPOT 5 satellite transmitters and PTT identification is also provided with the data. Satellite transmitters were deployed on North Pacific humpback whales (Megaptera novaeangliae) in the eastern Bering Sea. 
</gco:CharacterString>
      </gmd:abstract>
      <gmd:purpose>
        <gco:CharacterString>These data were collected to monitor North Pacific humpback whales (Megaptera novaeangliae) using satellite telemetry.
</gco:CharacterString>
      </gmd:purpose>
      <gmd:credit>
        <gmx:Anchor xlink:href="http://www.nodc.noaa.gov/cgi-bin/OAS/prd/institution/details/1601" xlink:actuate="onRequest">Related Funding Agency: US DOC; NOAA; NMFS; Alaska Fisheries Science Center; National Marine Mammal Laboratory (NMFS/AFSC National Marine Mammal Laboratory - NMFS/AFSC/NMML)</gmx:Anchor>
      </gmd:credit>
      <gmd:credit>
        <gmx:Anchor>Suggested Author List: Kennedy, Amy; Zerbini, Alexandre; Rone, Brenda; Clapham, Phillip</gmx:Anchor>
      </gmd:credit>
      <gmd:descriptiveKeywords>
        <gmd:MD_Keywords>
          <gmd:keyword>
            <gmx:Anchor xlink:href="http://www.nodc.noaa.gov/cgi-bin/OAS/prd/seaname/details/47" xlink:actuate="onRequest">Bering Sea</gmx:Anchor>
          </gmd:keyword>
          <gmd:type>
            <gmd:MD_KeywordTypeCode codeList="http://www.ngdc.noaa.gov/metadata/published/xsd/schema/resources/Codelist/gmxCodelists.xml#MD_KeywordTypeCode" codeListValue="place">place</gmd:MD_KeywordTypeCode>
          </gmd:type>
          <gmd:thesaurusName>
            <gmd:CI_Citation>
              <gmd:title>
                <gco:CharacterString>NODC SEA AREA NAMES THESAURUS</gco:CharacterString>
              </gmd:title>
              <gmd:date gco:nilReason="inapplicable"/>
            </gmd:CI_Citation>
          </gmd:thesaurusName>
        </gmd:MD_Keywords>
      </gmd:descriptiveKeywords>
      <gmd:descriptiveKeywords>
        <gmd:MD_Keywords>
          <gmd:keyword>
            <gmx:Anchor>lon1</gmx:Anchor>
          </gmd:keyword>
          <gmd:keyword>
            <gmx:Anchor>lat1</gmx:Anchor>
          </gmd:keyword>
          <gmd:type>
            <gmd:MD_KeywordTypeCode codeList="http://www.ngdc.noaa.gov/metadata/published/xsd/schema/resources/Codelist/gmxCodelists.xml#MD_KeywordTypeCode" codeListValue="theme">theme</gmd:MD_KeywordTypeCode>
          </gmd:type>
          <gmd:thesaurusName>
            <gmd:CI_Citation>
              <gmd:title>
                <gco:CharacterString>Data Types</gco:CharacterString>
              </gmd:title>
              <gmd:date gco:nilReason="inapplicable"/>
            </gmd:CI_Citation>
          </gmd:thesaurusName>
        </gmd:MD_Keywords>
      </gmd:descriptiveKeywords>
      <gmd:descriptiveKeywords>
        <gmd:MD_Keywords>
          <gmd:keyword>
            <gmx:Anchor xlink:href="http://www.nodc.noaa.gov/cgi-bin/OAS/prd/insttype/details/36" xlink:actuate="onRequest">satellite sensor - general</gmx:Anchor>
          </gmd:keyword>
          <gmd:type>
            <gmd:MD_KeywordTypeCode codeList="http://www.ngdc.noaa.gov/metadata/published/xsd/schema/resources/Codelist/gmxCodelists.xml#MD_KeywordTypeCode" codeListValue="instrument">instrument</gmd:MD_KeywordTypeCode>
          </gmd:type>
          <gmd:thesaurusName>
            <gmd:CI_Citation>
              <gmd:title>
                <gco:CharacterString>NODC INSTRUMENT TYPES THESAURUS</gco:CharacterString>
              </gmd:title>
              <gmd:date gco:nilReason="inapplicable"/>
            </gmd:CI_Citation>
          </gmd:thesaurusName>
        </gmd:MD_Keywords>
      </gmd:descriptiveKeywords>
      <gmd:descriptiveKeywords>
        <gmd:MD_Keywords>
          <gmd:keyword>
            <gmx:Anchor>in situ</gmx:Anchor>
          </gmd:keyword>
          <gmd:type>
            <gmd:MD_KeywordTypeCode codeList="http://www.ngdc.noaa.gov/metadata/published/xsd/schema/resources/Codelist/gmxCodelists.xml#MD_KeywordTypeCode" codeListValue="obstype">obstype</gmd:MD_KeywordTypeCode>
          </gmd:type>
          <gmd:thesaurusName>
            <gmd:CI_Citation>
              <gmd:title>
                <gco:CharacterString>Observation Category</gco:CharacterString>
              </gmd:title>
              <gmd:date gco:nilReason="inapplicable"/>
            </gmd:CI_Citation>
          </gmd:thesaurusName>
        </gmd:MD_Keywords>
      </gmd:descriptiveKeywords>
      <gmd:language>
        <gco:CharacterString>eng; USA</gco:CharacterString>
      </gmd:language>
      <gmd:topicCategory>
        <gmd:MD_TopicCategoryCode>oceans</gmd:MD_TopicCategoryCode>
      </gmd:topicCategory>
      <gmd:topicCategory>
        <gmd:MD_TopicCategoryCode>environment</gmd:MD_TopicCategoryCode>
      </gmd:topicCategory>
      <gmd:extent>
        <gmd:EX_Extent id="boundingExtent">
          <gmd:geographicElement>
            <gmd:EX_GeographicBoundingBox id="boundingGeographicBoundingBox">
              <gmd:westBoundLongitude>
                <gco:Decimal>169.0</gco:Decimal>
              </gmd:westBoundLongitude>
              <gmd:eastBoundLongitude>
                <gco:Decimal>-165.2</gco:Decimal>
              </gmd:eastBoundLongitude>
              <gmd:southBoundLatitude>
                <gco:Decimal>52.4</gco:Decimal>
              </gmd:southBoundLatitude>
              <gmd:northBoundLatitude>
                <gco:Decimal>65.0</gco:Decimal>
              </gmd:northBoundLatitude>
            </gmd:EX_GeographicBoundingBox>
          </gmd:geographicElement>
          <gmd:temporalElement>
            <gmd:EX_TemporalExtent>
              <gmd:extent>
                <gml:TimePeriod gml:id="boundingTemporalExtent">
                  <gml:beginPosition>2007-08-11</gml:beginPosition>
                  <gml:endPosition>2011-10-08</gml:endPosition>
                </gml:TimePeriod>
              </gmd:extent>
            </gmd:EX_TemporalExtent>
          </gmd:temporalElement>
        </gmd:EX_Extent>
      </gmd:extent>
    </gmd:MD_DataIdentification>
  </gmd:identificationInfo>
  <gmd:contentInfo>
    <gmd:MD_FeatureCatalogueDescription>
      <gmd:includedWithDataset>
        <gco:Boolean>true</gco:Boolean>
      </gmd:includedWithDataset>
      <gmd:featureTypes>
        <gco:LocalName>lon1 (decimal degrees)</gco:LocalName>
      </gmd:featureTypes>
      <gmd:featureTypes>
        <gco:LocalName>lat1 (decimeter)</gco:LocalName>
      </gmd:featureTypes>
      <gmd:featureCatalogueCitation gco:nilReason="unknown"/>
    </gmd:MD_FeatureCatalogueDescription>
  </gmd:contentInfo>
  <gmd:dataQualityInfo>
    <gmd:DQ_DataQuality>
      <gmd:scope>
        <gmd:DQ_Scope>
          <gmd:level>
            <gmd:MD_ScopeCode codeList="http://www.isotc211.org/2005/resources/Codelist/gmxCodelists.xml#MD_ScopeCode" codeListValue="dataset">dataset</gmd:MD_ScopeCode>
          </gmd:level>
          <gmd:extent xlink:href="#boundingExtent"/>
        </gmd:DQ_Scope>
      </gmd:scope>
      <gmd:lineage xlink:title="References">
        <gmd:LI_Lineage>
          <gmd:statement>
            <gco:CharacterString/>
          </gmd:statement>
        </gmd:LI_Lineage>
      </gmd:lineage>
    </gmd:DQ_DataQuality>
  </gmd:dataQualityInfo>
  <gmd:dataQualityInfo>
    <gmd:DQ_DataQuality>
      <gmd:scope>
        <gmd:DQ_Scope>
          <gmd:level>
            <gmd:MD_ScopeCode codeList="http://www.isotc211.org/2005/resources/Codelist/gmxCodelists.xml#MD_ScopeCode" codeListValue="dataset">dataset</gmd:MD_ScopeCode>
          </gmd:level>
        </gmd:DQ_Scope>
      </gmd:scope>
      <gmd:lineage>
        <gmd:LI_Lineage>
          <gmd:processStep>
            <gmi:LE_ProcessStep>
              <gmd:description>
                <gco:CharacterString>Data Type: lon1 (measured); Units: decimal degrees; Observation Type: in situ; Sampling Instrument: satellite sensor - general; Sampling and Analyzing Method: ; Data Quality Information: </gco:CharacterString>
              </gmd:description>
            </gmi:LE_ProcessStep>
          </gmd:processStep>
          <gmd:processStep>
            <gmi:LE_ProcessStep>
              <gmd:description>
                <gco:CharacterString>Data Type: lat1 (measured); Units: decimeter; Observation Type: in situ; Sampling Instrument: satellite sensor - general; Sampling and Analyzing Method: ; Data Quality Information: </gco:CharacterString>
              </gmd:description>
            </gmi:LE_ProcessStep>
          </gmd:processStep>
        </gmd:LI_Lineage>
      </gmd:lineage>
    </gmd:DQ_DataQuality>
  </gmd:dataQualityInfo>
</gmi:MI_Metadata>
